"","source","target","correlation","pval","pval_adj","comb"
"3766","CBL","SORBS2",-0.338425042746195,9.81437153768638e-14,2.67452893233809e-13,"CBL_SORBS2"
"5071","WNT1","FZD6",-0.271812561701564,3.36276295698212e-09,7.02663157648379e-09,"WNT1_FZD6"
"5625","TRIM25","ZFHX3",-0.362217541931107,1.33226762955019e-15,4.00956011673369e-15,"TRIM25_ZFHX3"
"6710","SOSTDC1","BMP7",0.273679487912243,2.59975996286244e-09,5.4705349267591e-09,"SOSTDC1_BMP7"
"9356","SOSTDC1","WNT16",-0.0959412953927497,0.040134786759825,0.0491330029714757,"SOSTDC1_WNT16"
"10439","PSTPIP1","PTPN18",0.833535468663309,0,0,"PSTPIP1_PTPN18"
"11788","KRT1","MPO",0.270553515565947,3.99567801068201e-09,8.31064970139187e-09,"KRT1_MPO"
"12052","BMP7","ACVR2B",0.660596662372097,0,0,"BMP7_ACVR2B"
"15091","SOSTDC1","WNT7A",-0.110054299885138,0.0184734529145407,0.0233979580787954,"SOSTDC1_WNT7A"
"15311","ULK1","FBP1",0.395264726360085,0,0,"ULK1_FBP1"
"16167","CDK5RAP2","APP",-0.212547198653423,4.45770521273481e-06,7.5825280471218e-06,"CDK5RAP2_APP"
"17016","OXTR","DRD2",0.128694649729015,0.00581317436628948,0.00772096923007238,"OXTR_DRD2"
"19177","HTR1F","GNAI1",0.281314790193082,8.89146090088389e-10,1.92563703910371e-09,"HTR1F_GNAI1"
"19183","F2RL2","GNAI1",0.271476166823873,3.52163498362756e-09,7.34971074660924e-09,"F2RL2_GNAI1"
"19254","LPAR2","GNAI1",-0.451742804206809,0,0,"LPAR2_GNAI1"
"19290","OXTR","GNAI1",0.520319084401407,0,0,"OXTR_GNAI1"
"19295","DRD2","GNAI1",0.249724182301788,6.10268073852893e-08,1.17733128662125e-07,"DRD2_GNAI1"
"23906","PLK3","TOP2A",-0.380243043006598,0,0,"PLK3_TOP2A"
"24374","SPI1","ANXA1",0.517076345118504,0,0,"SPI1_ANXA1"
"24993","CEBPE","LTF",0.635566540942573,0,0,"CEBPE_LTF"
"25430","PKP2","DSP",0.652773623199036,0,0,"PKP2_DSP"
"39707","ULK1","GABARAP",0.689266100815428,0,0,"ULK1_GABARAP"
"40202","PTPRB","CDH5",0.902242508327222,0,0,"PTPRB_CDH5"
"42550","SPI1","FLI1",0.41921434849076,0,0,"SPI1_FLI1"
"45420","IFNG","NOD2",0.158283476393037,0.000674814420789538,0.000972727338512185,"IFNG_NOD2"
"45876","FURIN","VWF",-0.304297852105088,2.87412316168911e-11,6.80537800347747e-11,"FURIN_VWF"
"52570","KSR2","RAF1",-0.188638608123593,4.85415222684082e-05,7.65907145100472e-05,"KSR2_RAF1"
"61446","WNT1","LRP5",-0.272239241495515,3.17123149962129e-09,6.63723778992928e-09,"WNT1_LRP5"
"61600","WNT7A","LRP5",-0.254837174161228,3.19467519105388e-08,6.27589807203123e-08,"WNT7A_LRP5"
"61688","WNT5B","LRP5",0.668021481784467,0,0,"WNT5B_LRP5"
"62263","SMAD6","BMPR1A",0.791253423411013,0,0,"SMAD6_BMPR1A"
"64091","TP63","SYNE3",-0.462711968270955,0,0,"TP63_SYNE3"
"73285","PROC","F5",-0.294132300467771,1.36218147872569e-10,3.09850334687201e-10,"PROC_F5"
"81909","NEK2","NDC80",0.934493367365316,0,0,"NEK2_NDC80"
"97833","PRKD1","CACNA1C",0.395884312121196,0,0,"PRKD1_CACNA1C"
"107995","MAP3K3","MAP2K6",0.726850567769796,0,0,"MAP3K3_MAP2K6"
"108875","SPI1","ITGAM",0.748293554117565,0,0,"SPI1_ITGAM"
"111652","HOXC13","LAMB2",0.527497861042824,0,0,"HOXC13_LAMB2"
"114876","TXK","LCP2",0.452041323288801,0,0,"TXK_LCP2"
"121591","TNFRSF10C","TNFSF10",0.793642069238079,0,0,"TNFRSF10C_TNFSF10"
"127633","CFH","CFI",0.649410738450368,0,0,"CFH_CFI"
"136067","ULK1","DENND3",0.869582865522386,0,0,"ULK1_DENND3"
"147717","WNT1","LRP6",-0.31946779406472,2.51332288314643e-12,6.32626073535839e-12,"WNT1_LRP6"
"147834","WNT16","LRP6",-0.273608679278777,2.62535282402609e-09,5.52289687625993e-09,"WNT16_LRP6"
"147871","WNT7A","LRP6",-0.283754047073266,6.26734664166406e-10,1.37004840788369e-09,"WNT7A_LRP6"
"147959","WNT5B","LRP6",0.489889077275272,0,0,"WNT5B_LRP6"
"149958","CXCL8","CXCR2",-0.151588709927252,0.00113752541231893,0.00160853943630262,"CXCL8_CXCR2"
"159110","EZH2","SNAI2",0.218231207337863,2.42266897787502e-06,4.19764450746153e-06,"EZH2_SNAI2"
"159777","NHLH2","HES1",0.251275686699558,5.02194703599912e-08,9.74109469949773e-08,"NHLH2_HES1"
"161314","UCHL1","UBC",-0.154889121852174,0.000881633211425203,0.0012585432061731,"UCHL1_UBC"
"167741","RARA","RXRA",0.826717698023505,0,0,"RARA_RXRA"
"167780","RARB","RXRA",-0.278101290118653,1.40226008582545e-09,2.99986503839182e-09,"RARB_RXRA"
"174477","PROC","F7",0.371451639543822,2.22044604925031e-16,6.95066596182328e-16,"PROC_F7"
"176635","DLX5","MSX1",0.133091625181291,0.00432807081347608,0.00581565013458355,"DLX5_MSX1"
"185770","CBL","PIK3R2",-0.563399148617546,0,0,"CBL_PIK3R2"
"187695","BMP7","PPARGC1A",0.331600116806632,3.23296944770846e-13,8.56037817738899e-13,"BMP7_PPARGC1A"
"187823","NDN","PPARGC1A",0.229975970718772,6.52174142246054e-07,1.17496563503626e-06,"NDN_PPARGC1A"
"189968","WT1","NPHS1",0.168197804511189,0.000299717566513813,0.00044472177409104,"WT1_NPHS1"
"230417","SDCBP","SOX4",-0.569647650529385,0,0,"SDCBP_SOX4"
"245514","CADPS2","STX1A",-0.119205922218622,0.0106720795755111,0.0138314265232978,"CADPS2_STX1A"
"251752","CDK5RAP2","CDC20",-0.253682600127985,3.70200878840876e-08,7.24243802078708e-08,"CDK5RAP2_CDC20"
"257959","NFIB","FOXO6",0.625372816820692,0,0,"NFIB_FOXO6"
"259830","IFNG","IFNGR2",-0.177508209081361,0.00013408650181157,0.000204537122950184,"IFNG_IFNGR2"
"273524","CDON","MAPK14",-0.347035928513636,2.08721928629529e-14,5.901511531837e-14,"CDON_MAPK14"
"273547","BMP7","MAPK14",-0.381011045217075,0,0,"BMP7_MAPK14"
"273784","BMPR1A","MAPK14",-0.446456017231265,0,0,"BMPR1A_MAPK14"
"273896","MAP2K6","MAPK14",0.898742797933999,0,0,"MAP2K6_MAPK14"
"273982","DUSP9","MAPK14",-0.205628069043234,9.16030821107583e-06,1.52397256690244e-05,"DUSP9_MAPK14"
"274000","TNFRSF1B","MAPK14",0.16916096261288,0.00027631352170232,0.000411158655818795,"TNFRSF1B_MAPK14"
"274032","PTPRR","MAPK14",-0.262962227907123,1.1092951446301e-08,2.24392526382013e-08,"PTPRR_MAPK14"
"274075","FGF2","MAPK14",-0.348979217909204,1.46549439250521e-14,4.17819192441754e-14,"FGF2_MAPK14"
"284235","BMPR1A","SMAD5",0.864654552090859,0,0,"BMPR1A_SMAD5"
"306174","WNT1","FZD8",-0.231107905772791,5.7253095508969e-07,1.03544890984473e-06,"WNT1_FZD8"
"308766","PTPRG","PXN",-0.344306248360329,3.41948691584548e-14,9.55497665811086e-14,"PTPRG_PXN"
"308774","PTPRT","PXN",-0.398676365114025,0,0,"PTPRT_PXN"
"309107","PTPRR","PXN",-0.287882044356765,3.44086537040766e-10,7.64077719750749e-10,"PTPRR_PXN"
"309246","MAPK14","PXN",0.796553586533716,0,0,"MAPK14_PXN"
"311422","NFIB","ETV5",0.618921698075472,0,0,"NFIB_ETV5"
"311636","NFIA","ETV5",0.777317662658944,0,0,"NFIA_ETV5"
"314388","HAP1","AHI1",0.513095136355686,0,0,"HAP1_AHI1"
"319062","PTPRG","CTTN",0.630552491374923,0,0,"PTPRG_CTTN"
"319173","PRKD1","CTTN",0.606717279846103,0,0,"PRKD1_CTTN"
"322027","HOXC13","FOXN1",0.354757106698447,4.88498130835069e-15,1.42882171627676e-14,"HOXC13_FOXN1"
"327709","SPI1","CD68",0.56566437496322,0,0,"SPI1_CD68"
"331547","TFEB","CTSD",0.552575658114408,0,0,"TFEB_CTSD"
"332270","SNAI2","CCND1",0.623415031746275,0,0,"SNAI2_CCND1"
"332446","MAPK14","CCND1",-0.332007849945665,3.01536573488193e-13,7.99780370440496e-13,"MAPK14_CCND1"
"336690","CXCL8","CXCR1",-0.148710759862602,0.00141479137684053,0.00198427742327266,"CXCL8_CXCR1"
"339935","PLK3","CDC25C",-0.361100208064017,1.33226762955019e-15,4.00956011673369e-15,"PLK3_CDC25C"
"340168","CHEK1","CDC25C",0.928625021676181,0,0,"CHEK1_CDC25C"
"340641","MAPK14","CDC25C",-0.41524040778373,0,0,"MAPK14_CDC25C"
"340789","SPI1","FCGR1A",0.644048638866618,0,0,"SPI1_FCGR1A"
"343263","CDK5RAP2","MAD2L1",-0.318160697290775,3.11750625314744e-12,7.80513299038893e-12,"CDK5RAP2_MAD2L1"
"343301","CENPE","MAD2L1",0.902380645917042,0,0,"CENPE_MAD2L1"
"343360","TTK","MAD2L1",0.897449790861712,0,0,"TTK_MAD2L1"
"355737","PCDHA10","PCDHGA6",0.26801194776319,5.64424373905581e-09,1.16294763153199e-08,"PCDHA10_PCDHGA6"
"384252","PDK1","ITGB3",0.222942959004372,1.4432868042924e-06,2.53985628403251e-06,"PDK1_ITGB3"
"384511","FERMT3","ITGB3",0.434249670080479,0,0,"FERMT3_ITGB3"
"384859","TLN1","ITGB3",0.516287249260175,0,0,"TLN1_ITGB3"
"386948","TP63","PERP",0.776331049506926,0,0,"TP63_PERP"
"387933","FLI1","GP9",0.244393370636847,1.18056647124831e-07,2.23477796135181e-07,"FLI1_GP9"
"388531","PAX3","MEOX2",0.106999449649172,0.0220092056298902,0.0276697984016007,"PAX3_MEOX2"
"389180","ZEB2","MEOX2",-0.180175976628659,0.000105677313668506,0.000162507106053975,"ZEB2_MEOX2"
"389224","RNF10","MEOX2",-0.147676150895359,0.00152878062153361,0.00213795133341165,"RNF10_MEOX2"
"390096","FGF12","SCN3A",0.203721099710533,1.11247048719676e-05,1.83974550009012e-05,"FGF12_SCN3A"
"418408","FOXJ1","DNAI1",0.781155368183427,0,0,"FOXJ1_DNAI1"
"433120","SOX2","NR2E1",-0.103109419453944,0.0273495802169199,0.0340614386853684,"SOX2_NR2E1"
"436463","MBTPS2","CREB3L1",0.255308858567522,3.0073621370974e-08,5.9180342728067e-08,"MBTPS2_CREB3L1"
"445468","PRKD1","PIP4K2A",-0.309907852389199,1.18627330181198e-11,2.87226042768587e-11,"PRKD1_PIP4K2A"
"452191","MAP2K6","MAPK10",-0.222233816880571,1.56143267293629e-06,2.74122740877808e-06,"MAP2K6_MAPK10"
"452449","MAPK8IP3","MAPK10",-0.50860032728418,0,0,"MAPK8IP3_MAPK10"
"452466","MAPK14","MAPK10",-0.29003919217377,2.50546250413208e-10,5.61004920593437e-10,"MAPK14_MAPK10"
"457459","PRKG2","PTPN6",-0.446827814607272,0,0,"PRKG2_PTPN6"
"465775","FGF2","FGFR3",0.307556444809557,1.72293290745529e-11,4.13254692262605e-11,"FGF2_FGFR3"
"475507","PTPRC","LYN",0.884779860251508,0,0,"PTPRC_LYN"
"475783","PTPN6","LYN",0.659486575995427,0,0,"PTPN6_LYN"
"475894","CDON","MAP3K5",-0.335898631688511,1.52988732793347e-13,4.12488065800248e-13,"CDON_MAP3K5"
"476125","RAF1","MAP3K5",0.651124178989457,0,0,"RAF1_MAP3K5"
"476271","LRRK2","MAP3K5",0.86359530865532,0,0,"LRRK2_MAP3K5"
"476312","HSPA2","MAP3K5",-0.210295630826895,5.64998625041113e-06,9.541193658404e-06,"HSPA2_MAP3K5"
"476626","CDC25C","MAP3K5",-0.464994558624813,0,0,"CDC25C_MAP3K5"
"485722","BMP7","DLK1",0.133718283685503,0.00414696350710564,0.00558128402391405,"BMP7_DLK1"
"489927","PRKD1","SNAI1",-0.160613993441049,0.000559917750321048,0.000812557913887608,"PRKD1_SNAI1"
"490891","TPX2","KIF11",0.958339652770641,0,0,"TPX2_KIF11"
"504895","FERMT3","FBLIM1",-0.459421320293354,0,0,"FERMT3_FBLIM1"
"505117","FERMT1","FBLIM1",0.59793779352492,0,0,"FERMT1_FBLIM1"
"505591","IL10RA","JAK2",0.308303534482184,1.53081991527415e-11,3.68276031458348e-11,"IL10RA_JAK2"
"505776","PTPRG","JAK2",-0.269111399682588,4.86298157298393e-09,1.00613906176743e-08,"PTPRG_JAK2"
"506033","IL4R","JAK2",0.648012718403849,0,0,"IL4R_JAK2"
"506197","PTPRC","JAK2",0.878083548686781,0,0,"PTPRC_JAK2"
"506237","IFNGR2","JAK2",0.706704312350222,0,0,"IFNGR2_JAK2"
"506262","IFNGR1","JAK2",0.873091173208869,0,0,"IFNGR1_JAK2"
"506456","PTPRJ","JAK2",0.768317425063402,0,0,"PTPRJ_JAK2"
"506473","PTPN6","JAK2",0.342817975336261,4.48530101948563e-14,1.24522450491398e-13,"PTPN6_JAK2"
"506951","TCF12","NOTCH3",0.696716793830604,0,0,"TCF12_NOTCH3"
"524734","PTPN6","VAV1",0.94469928746315,0,0,"PTPN6_VAV1"
"529447","KCNJ8","NLRP3",-0.129435517733728,0.005534614912867,0.00736513249719601,"KCNJ8_NLRP3"
"532737","MAPK14","KRT8",-0.329709255967144,4.47863968133788e-13,1.17643584107551e-12,"MAPK14_KRT8"
"533170","DLGAP5","SHANK3",0.23082382719112,5.91591675425107e-07,1.06889568371395e-06,"DLGAP5_SHANK3"
"539435","PLK2","NPM1",0.476543428826286,0,0,"PLK2_NPM1"
"540680","MMP2","TGFB1",-0.227730694438698,8.42768124176274e-07,1.50688625120596e-06,"MMP2_TGFB1"
"540694","FBN1","TGFB1",-0.196110441250389,2.37260809066164e-05,3.83105977135519e-05,"FBN1_TGFB1"
"540719","TDGF1","TGFB1",-0.376136788289717,0,0,"TDGF1_TGFB1"
"540925","FGF2","TGFB1",-0.402256854932459,0,0,"FGF2_TGFB1"
"542154","PCDHA10","PCDHGB2",0.211514496548183,4.97120622222624e-06,8.42808835780799e-06,"PCDHA10_PCDHGB2"
"550115","TDGF1","MSTN",0.392587206046385,0,0,"TDGF1_MSTN"
"550290","PPARGC1A","MSTN",0.333760731064902,2.22266649529956e-13,5.93883488738746e-13,"PPARGC1A_MSTN"
"556555","TNFRSF1B","TRAF1",0.54029721460407,0,0,"TNFRSF1B_TRAF1"
"561218","JAK2","CSF2RA",0.633601008719993,0,0,"JAK2_CSF2RA"
"562011","MAPK14","JUNB",0.238184603652822,2.49788772999082e-07,4.62798484733249e-07,"MAPK14_JUNB"
"565394","PTPRJ","CEACAM3",0.558396196203177,0,0,"PTPRJ_CEACAM3"
"573848","OTX1","BEST1",0.596864951376926,0,0,"OTX1_BEST1"
"574081","CBL","EPHA2",-0.324070337505713,1.16706644348596e-12,2.99437727038299e-12,"CBL_EPHA2"
"574130","SLA","EPHA2",-0.331139351212367,3.50164341966774e-13,9.25343998663555e-13,"SLA_EPHA2"
"574861","HIC1","EPHA2",0.473385465811431,0,0,"HIC1_EPHA2"
"575083","EFNA3","EPHA2",0.0957358765228776,0.0405654486231057,0.0496352801231828,"EFNA3_EPHA2"
"585263","AHSP","HBA1",0.718568570874185,0,0,"AHSP_HBA1"
"585466","FGF2","HBA1",-0.19355227619268,3.04090523259859e-05,4.87124336249019e-05,"FGF2_HBA1"
"585862","TGFB1","HBA1",0.399792495067079,0,0,"TGFB1_HBA1"
"587727","MAPK14","DUSP1",0.212890588943133,4.29847812766226e-06,7.31948262945075e-06,"MAPK14_DUSP1"
"590886","FGF2","ALPL",-0.287839915190685,3.46215944801997e-10,7.68673826403493e-10,"FGF2_ALPL"
"592480","SPI1","OSCAR",0.858921015863398,0,0,"SPI1_OSCAR"
"596252","HES1","CTNND2",0.187754866739515,5.27352467507569e-05,8.29779635172648e-05,"HES1_CTNND2"
"598677","NTN1","NEO1",0.645809204809581,0,0,"NTN1_NEO1"
"598699","NTN4","NEO1",0.741938870813656,0,0,"NTN4_NEO1"
"601101","TGFB1","COL4A1",-0.43607137339893,0,0,"TGFB1_COL4A1"
"607134","EFNB3","EPHA4",0.556001724682603,0,0,"EFNB3_EPHA4"
"607207","NFIB","EPHA4",0.568996773758631,0,0,"NFIB_EPHA4"
"607421","NFIA","EPHA4",0.722377928278537,0,0,"NFIA_EPHA4"
"607678","EFNA3","EPHA4",0.114441975331551,0.0142646720285029,0.0182658927587729,"EFNA3_EPHA4"
"611037","PCDH19","GABRA5",0.545667765049193,0,0,"PCDH19_GABRA5"
"613567","RNF183","ATP1B1",0.286362852044355,4.29537294621696e-10,9.48283177975846e-10,"RNF183_ATP1B1"
"615119","TLN1","ITGB8",-0.202570875677951,1.24968992882835e-05,2.05911771534353e-05,"TLN1_ITGB8"
"618372","TFEB","CD36",0.204177871350359,1.06206062799874e-05,1.75885474553443e-05,"TFEB_CD36"
"631682","NFIB","ANOS1",0.595247760742832,0,0,"NFIB_ANOS1"
"631896","NFIA","ANOS1",0.663422482824261,0,0,"NFIA_ANOS1"
"636417","EPX","PRG2",0.956938112157131,0,0,"EPX_PRG2"
"639000","SMO","KIF7",0.783788002610707,0,0,"SMO_KIF7"
"643152","MAPK14","SMARCD3",0.455152604084812,0,0,"MAPK14_SMARCD3"
"643561","PTPRB","KDR",0.805816006334005,0,0,"PTPRB_KDR"
"643806","PTPRG","KDR",0.720790395615934,0,0,"PTPRG_KDR"
"644226","VEGFA","KDR",-0.17380265374462,0.000185592793340517,0.000279990286617577,"VEGFA_KDR"
"644486","PTPRJ","KDR",-0.392269142202054,0,0,"PTPRJ_KDR"
"644503","PTPN6","KDR",-0.401110322787426,0,0,"PTPN6_KDR"
"647758","HIC1","EFNA1",0.583336752831549,0,0,"HIC1_EFNA1"
"648922","PTPRM","CTNND1",0.629909103710426,0,0,"PTPRM_CTNND1"
"650163","TFAP2A","ADM",-0.235961692015813,3.25053303829037e-07,5.97621493961573e-07,"TFAP2A_ADM"
"669963","TRIM25","KLF5",-0.296007133525889,1.02706065874258e-10,2.3533169024607e-10,"TRIM25_KLF5"
"675024","EFNB3","EPHB3",0.61847166692939,0,0,"EFNB3_EPHB3"
"684237","PRKD1","RTKN",0.476250322981784,0,0,"PRKD1_RTKN"
"685296","PTPRG","PRKCD",-0.361125519315813,1.33226762955019e-15,4.00956011673369e-15,"PTPRG_PRKCD"
"685717","PTPRC","PRKCD",0.705295366165567,0,0,"PTPRC_PRKCD"
"686011","LYN","PRKCD",0.841317320234438,0,0,"LYN_PRKCD"
"690563","WNK3","SLC12A5",0.150484739348503,0.0012373562812078,0.00174417173190553,"WNK3_SLC12A5"
"693546","FLI1","IL10",0.185058723350562,6.774468928894e-05,0.000105729350660988,"FLI1_IL10"
"703711","FBLIM1","FLNA",-0.268638241562739,5.18541964922292e-09,1.07092172650791e-08,"FBLIM1_FLNA"
"708788","PSTPIP1","DNM2",0.757582442992161,0,0,"PSTPIP1_DNM2"
"712143","SMO","GNB3",0.260878121202546,1.46007543833093e-08,2.93138441868406e-08,"SMO_GNB3"
"713620","SOX2","ABCC3",-0.112446646457907,0.0160609658763879,0.0204632585051539,"SOX2_ABCC3"
"723474","LRRK2","MSN",0.435597124650777,0,0,"LRRK2_MSN"
"723589","STK10","MSN",0.886921853241619,0,0,"STK10_MSN"
"737125","PCDHA10","PCDHGA7",0.185084251783124,6.75853397711368e-05,0.000105488313907628,"PCDHA10_PCDHGA7"
"737707","ERBB3","PIK3CD",-0.216443591716479,2.9399984815548e-06,5.06449498327883e-06,"ERBB3_PIK3CD"
"738835","MAP3K3","MAP2K3",0.611021275251734,0,0,"MAP3K3_MAP2K3"
"739697","MAP3K5","MAP2K3",0.479946084227828,0,0,"MAP3K5_MAP2K3"
"748848","PRKD1","HDAC5",-0.319076091344169,2.68118860446975e-12,6.73761027455217e-12,"PRKD1_HDAC5"
"749315","CAMK2G","HDAC5",0.654858618325393,0,0,"CAMK2G_HDAC5"
"749648","PRKCD","HDAC5",0.626794607848646,0,0,"PRKCD_HDAC5"
"750441","MAPK14","FOXC1",-0.333165344712606,2.46469511466785e-13,6.56884407890046e-13,"MAPK14_FOXC1"
"754333","AGRN","LRP4",0.725059730683515,0,0,"AGRN_LRP4"
"755997","PTPN14","BCAR1",0.741063760818278,0,0,"PTPN14_BCAR1"
"756622","PXN","BCAR1",-0.473643798695554,0,0,"PXN_BCAR1"
"756769","PTPRF","BCAR1",0.736702690621133,0,0,"PTPRF_BCAR1"
"781463","WNK3","SLC12A1",-0.136671408708411,0.00338235792526054,0.00458843380246981,"WNK3_SLC12A1"
"783674","WT1","PODXL",0.347277562335814,1.99840144432528e-14,5.65622362413188e-14,"WT1_PODXL"
"791909","SEMA3A","PLXNA2",0.190526825253257,4.0613296906411e-05,6.44580740334504e-05,"SEMA3A_PLXNA2"
"795888","GNAI1","HCK",-0.433522155559769,0,0,"GNAI1_HCK"
"799192","LYN","PAG1",0.588267275600197,0,0,"LYN_PAG1"
"807826","MAPK14","F3",-0.233047532277471,4.5729724540422e-07,8.32500058286982e-07,"MAPK14_F3"
"816019","PTPRB","ALK",0.163534176090013,0.000441572233158549,0.000646261719983773,"PTPRB_ALK"
"816740","PTN","ALK",0.116856112356339,0.0123293413145207,0.0158836737868146,"PTN_ALK"
"819293","TLN1","ITGB7",0.126650487710635,0.00664824650161888,0.00878285065253543,"TLN1_ITGB7"
"828774","ANK3","DMD",0.552573696408776,0,0,"ANK3_DMD"
"835119","BHLHE40","BHLHE41",-0.219008186528898,2.22607739264191e-06,3.86681692657241e-06,"BHLHE40_BHLHE41"
"836236","PTPN6","PTK2B",0.85037598217359,0,0,"PTPN6_PTK2B"
"855956","CAMK2A","DLGAP1",0.202922051751215,1.20617463044148e-05,1.98961400241959e-05,"CAMK2A_DLGAP1"
"866942","CRTC2","TSC22D3",0.516519444495196,0,0,"CRTC2_TSC22D3"
"870228","JAK2","STAT5B",0.697874627404185,0,0,"JAK2_STAT5B"
"871374","PCDHA10","PCDHGA3",0.140521726490014,0.00257788107729029,0.00353415104501963,"PCDHA10_PCDHGA3"
"881192","SPI1","CD14",0.686269271820568,0,0,"SPI1_CD14"
"893448","IL1RN","IL1R1",0.421732855936624,0,0,"IL1RN_IL1R1"
"895631","CAMK2A","PTTG1",-0.0970669603172728,0.0378428619488114,0.0464504741056491,"CAMK2A_PTTG1"
"898207","PCDH19","GABRA1",0.171472628582958,0.000226922648689065,0.000339943969388029,"PCDH19_GABRA1"
"901987","PCDHA10","PCDHGA5",0.244041105555074,1.23252292594245e-07,2.33037952630175e-07,"PCDHA10_PCDHGA5"
"916249","CHEK1","RAD51",0.96305272462802,0,0,"CHEK1_RAD51"
"916426","RAD51AP1","RAD51",0.794306381346338,0,0,"RAD51AP1_RAD51"
"929728","PTPN14","CAV1",0.410312661595099,0,0,"PTPN14_CAV1"
"930043","ZNRF1","CAV1",0.250370399755748,5.62771456102951e-08,1.08813049991286e-07,"ZNRF1_CAV1"
"932117","FLNA","KCND2",-0.112224469375724,0.0162727530972666,0.0207212186381529,"FLNA_KCND2"
"932200","IRX5","KCND2",0.229349569354861,7.00715096835225e-07,1.25970483043043e-06,"IRX5_KCND2"
"933302","JAK2","FGF14",-0.22376697099956,1.31675788739294e-06,2.32368828410513e-06,"JAK2_FGF14"
"947318","TSC22D3","FOXO4",0.455215636276398,0,0,"TSC22D3_FOXO4"
"948383","JAK2","LEPR",-0.104660369434833,0.0250997832392801,0.0313773266261199,"JAK2_LEPR"
"954643","PRKD1","TLR5",-0.254400820503238,3.37796755012221e-08,6.62538992293924e-08,"PRKD1_TLR5"
"961484","FLI1","HOXA10",-0.426539902503281,0,0,"FLI1_HOXA10"
"961535","EZH2","HOXA10",0.850214029823792,0,0,"EZH2_HOXA10"
"964422","GAR1","TERT",0.793701799051526,0,0,"GAR1_TERT"
"969314","CAMK2A","GFAP",0.664345437022499,0,0,"CAMK2A_GFAP"
"978006","RAC2","PAK1",0.705727883713673,0,0,"RAC2_PAK1"
"979310","PAX3","TBX2",0.149904593222335,0.00129299286990614,0.00181961808844536,"PAX3_TBX2"
"981815","SMO","TIMP3",0.413915395316361,0,0,"SMO_TIMP3"
"982716","ADAM12","SDC4",0.425760027535287,0,0,"ADAM12_SDC4"
"982869","FN1","SDC4",0.398159966021413,0,0,"FN1_SDC4"
"983273","PRKCD","SDC4",-0.322300702996053,1.56985535681997e-12,3.99800852287697e-12,"PRKCD_SDC4"
"983283","RSPO3","SDC4",0.37745816102972,0,0,"RSPO3_SDC4"
"984116","TCAP","TTN",0.266578115112796,6.8477716830273e-09,1.40354840493978e-08,"TCAP_TTN"
"988448","TLN1","ITGB4",-0.211260371256627,5.1059650947316e-06,8.64910718300299e-06,"TLN1_ITGB4"
"989038","DOK1","ITGB4",-0.278815895675195,1.26779831077783e-09,2.71959023754265e-09,"DOK1_ITGB4"
"989777","TFEB","GNS",0.720230558050822,0,0,"TFEB_GNS"
"990789","PTPRG","ITGB2",-0.402174759250034,0,0,"PTPRG_ITGB2"
"991261","TLN1","ITGB2",0.875400176989574,0,0,"TLN1_ITGB2"
"991535","JAK2","ITGB2",0.443376461736457,0,0,"JAK2_ITGB2"
"991700","PRKCD","ITGB2",0.914225753009377,0,0,"PRKCD_ITGB2"
"991851","DOK1","ITGB2",0.836089559831909,0,0,"DOK1_ITGB2"
"997411","GDNF","NRG1",-0.135494546201562,0.00367025049091096,0.00496339764793573,"GDNF_NRG1"
"1006636","SNAI2","JAG1",0.710438759613069,0,0,"SNAI2_JAG1"
"1007140","JAG2","JAG1",0.675262566608364,0,0,"JAG2_JAG1"
"1011170","CAMK2G","SCN5A",0.340409803368192,6.88338275267597e-14,1.89172662642135e-13,"CAMK2G_SCN5A"
"1011510","IL10","SCN5A",0.15730309184667,0.00072938443534043,0.00104837757156329,"IL10_SCN5A"
"1011887","BCL11A","HBG2",-0.183821795146837,7.59043537974513e-05,0.000118013318153232,"BCL11A_HBG2"
"1012504","NFE2","HBG2",0.162582909288364,0.000477292473756163,0.000696607430603425,"NFE2_HBG2"
"1014616","PTPRB","MET",0.733672588264485,0,0,"PTPRB_MET"
"1014625","CBL","MET",-0.419159993852496,0,0,"CBL_MET"
"1014861","PTPRG","MET",0.691265412719437,0,0,"PTPRG_MET"
"1015541","PTPRJ","MET",-0.422576013641025,0,0,"PTPRJ_MET"
"1015869","HGF","MET",-0.225524686300404,1.0814360023037e-06,1.91955129101147e-06,"HGF_MET"
"1019854","LYN","CD22",0.196804146084039,2.21696528734938e-05,3.58755944065268e-05,"LYN_CD22"
"1020567","PTPRG","BTK",-0.399313147948992,0,0,"PTPRG_BTK"
"1021282","LYN","BTK",0.774883864794294,0,0,"LYN_BTK"
"1023923","BTC","ERBB4",0.518325479745061,0,0,"BTC_ERBB4"
"1024074","LRIG3","ERBB4",0.798661162350794,0,0,"LRIG3_ERBB4"
"1024254","HBEGF","ERBB4",-0.121595096215611,0.00919253707329082,0.0119863805449361,"HBEGF_ERBB4"
"1024363","EREG","ERBB4",-0.11756149422061,0.0118094740793899,0.0152414604168235,"EREG_ERBB4"
"1024389","NRG2","ERBB4",0.672641035236053,0,0,"NRG2_ERBB4"
"1024578","NRG1","ERBB4",-0.147193129836132,0.00158483356217221,0.00221332801691542,"NRG1_ERBB4"
"1027149","SELPLG","SELE",-0.102633809890562,0.0280733520025365,0.0349229144525151,"SELPLG_SELE"
"1028202","MAPK14","SIAH2",0.187945398786632,5.18031430702948e-05,8.1559126737609e-05,"MAPK14_SIAH2"
"1039517","NFIB","GAS6",0.439564410226375,0,0,"NFIB_GAS6"
"1039731","NFIA","GAS6",0.639255753112093,0,0,"NFIA_GAS6"
"1040789","AXL","MLKL",-0.513851380902659,0,0,"AXL_MLKL"
"1043931","WIPF1","WASL",-0.64170277037505,0,0,"WIPF1_WASL"
"1044186","NEB","WASL",-0.111700247723454,0.0167821798610364,0.0213416258116862,"NEB_WASL"
"1048634","FBLIM1","FLNB",0.549559158130726,0,0,"FBLIM1_FLNB"
"1054541","SMO","GNG2",-0.664688047015567,0,0,"SMO_GNG2"
"1057072","MAPK14","GLI1",0.506129490556107,0,0,"MAPK14_GLI1"
"1057462","KIF7","GLI1",-0.401993364658809,0,0,"KIF7_GLI1"
"1068031","SOSTDC1","WNT4",0.181008440802413,9.80418722127396e-05,0.000151142745180716,"SOSTDC1_WNT4"
"1072405","CBL","FLT3",0.615276349742662,0,0,"CBL_FLT3"
"1072946","HES1","FLT3",-0.317787426118758,3.31468186232087e-12,8.28586975549127e-12,"HES1_FLT3"
"1073321","PTPRJ","FLT3",0.593885365553594,0,0,"PTPRJ_FLT3"
"1078375","LTK","PIK3CG",-0.145231701110613,0.00183236799379372,0.00254508862587795,"LTK_PIK3CG"
"1078448","ERBB3","PIK3CG",-0.202619628715173,1.24356076813825e-05,2.0493350832586e-05,"ERBB3_PIK3CG"
"1079287","TGFB1","PIK3CG",0.274611430806336,2.2846777802954e-09,4.82376224488333e-09,"TGFB1_PIK3CG"
"1079322","PIK3AP1","PIK3CG",0.764949654407303,0,0,"PIK3AP1_PIK3CG"
"1079653","ITGB4","PIK3CG",-0.278910053167076,1.25104371306861e-09,2.68464001090249e-09,"ITGB4_PIK3CG"
"1079678","ERBB4","PIK3CG",-0.301261840678312,4.60353977160821e-11,1.07684125608482e-10,"ERBB4_PIK3CG"
"1079888","FAM83H","CSNK1A1L",-0.210643774360121,5.44758096276965e-06,9.20988043944084e-06,"FAM83H_CSNK1A1L"
"1080337","FAM83B","CSNK1A1L",-0.131692853772214,0.00475835719665385,0.00637003060560446,"FAM83B_CSNK1A1L"
"1082316","KIF7","GLI2",0.488049199234941,0,0,"KIF7_GLI2"
"1082656","CSNK1A1L","GLI2",-0.166946790735311,0.000332882996817219,0.000492082429609914,"CSNK1A1L_GLI2"
"1085612","PKMYT1","CDK1",0.521121376712202,0,0,"PKMYT1_CDK1"
"1086427","CDC25C","CDK1",0.917375644284199,0,0,"CDC25C_CDK1"
"1097415","CDK1","WWTR1",0.204832582502136,9.93582900221668e-06,1.64871057446223e-05,"CDK1_WWTR1"
"1098876","GLI1","HHIP",-0.323308552843241,1.32627242521721e-12,3.3920793044133e-12,"GLI1_HHIP"
"1098893","GLI2","HHIP",0.302938198110914,3.55158125131538e-11,8.36455511688245e-11,"GLI2_HHIP"
"1099057","TTK","CDCA8",0.935917150947611,0,0,"TTK_CDCA8"
"1103042","PRKCD","GRK2",0.885686699648572,0,0,"PRKCD_GRK2"
"1103063","PRKCG","GRK2",-0.329523715476959,4.62296867453915e-13,1.21335873551726e-12,"PRKCG_GRK2"
"1106053","TFE3","MCOLN1",0.542963139092962,0,0,"TFE3_MCOLN1"
"1106338","PAX3","MEOX1",0.381456742290431,0,0,"PAX3_MEOX1"
"1107569","PAX1","MEOX1",0.120552445656354,0.00981417434139464,0.0127629469606806,"PAX1_MEOX1"
"1122296","SERPINC1","F11",0.93407006176972,0,0,"SERPINC1_F11"
"1134273","NOTCH3","HEYL",0.629023152548098,0,0,"NOTCH3_HEYL"
"1139714","MARK2","PARD3",-0.507449002833758,0,0,"MARK2_PARD3"
"1144473","FGF2","BMP2",0.468026199059252,0,0,"FGF2_BMP2"
"1145300","GLI2","BMP2",0.205888044939376,8.91960752769094e-06,1.48516958487013e-05,"GLI2_BMP2"
"1145624","GABARAP","GPHN",-0.503123125933284,0,0,"GABARAP_GPHN"
"1147862","JAK2","CCR2",0.668297060429221,0,0,"JAK2_CCR2"
"1179148","CHEK1","RASSF1",-0.472723116499931,0,0,"CHEK1_RASSF1"
"1179342","CNKSR1","RASSF1",-0.428192755465788,0,0,"CNKSR1_RASSF1"
"1182510","CTSG","F2RL1",-0.145476564050581,0.00179964068877769,0.00250132181106112,"CTSG_F2RL1"
"1182864","PRSS2","F2RL1",0.140447846309032,0.00259151398057522,0.00355210819437598,"PRSS2_F2RL1"
"1183032","PRTN3","F2RL1",-0.143258601134663,0.00211665202160538,0.00292373438561291,"PRTN3_F2RL1"
"1185496","MAP2K6","MAPK13",0.463054040239221,0,0,"MAP2K6_MAPK13"
"1186247","MAP2K3","MAPK13",0.566510013478391,0,0,"MAP2K3_MAPK13"
"1186579","PLCE1","HRAS",0.218861764925557,2.26191740537729e-06,3.92716410129331e-06,"PLCE1_HRAS"
"1187090","RASGEF1A","HRAS",-0.165765545418317,0.000367312235798556,0.000541095815835455,"RASGEF1A_HRAS"
"1187310","RAPGEF5","HRAS",0.1369454576392,0.00331833091809397,0.00450482561369149,"RAPGEF5_HRAS"
"1195680","TET1","SLIT2",0.420571261277781,0,0,"TET1_SLIT2"
"1196410","TWIST2","MYB",-0.155320388341082,0.000852442283366894,0.00121838137360244,"TWIST2_MYB"
"1197158","MAF","MYB",0.319781109010783,2.38653541373424e-12,6.01489867454989e-12,"MAF_MYB"
"1199439","PRL","KRT5",-0.103999489658877,0.0260381413968909,0.032498632974927,"PRL_KRT5"
"1209440","IRX1","PHYHIPL",0.439475893012204,0,0,"IRX1_PHYHIPL"
"1212938","PLK3","SNCA",0.103761383532859,0.0263835488731514,0.0329100492211388,"PLK3_SNCA"
"1213097","PLK2","SNCA",-0.186895476951173,5.71398149247226e-05,8.96760057060605e-05,"PLK2_SNCA"
"1213374","LRRK2","SNCA",0.12585359664107,0.007001883379957,0.00923092785130583,"LRRK2_SNCA"
"1214197","PTK2B","SNCA",0.146284909434006,0.00169536547247184,0.00236165207951598,"PTK2B_SNCA"
"1214328","SNCAIP","SNCA",-0.200213494748256,1.58284211406734e-05,2.58880388289259e-05,"SNCAIP_SNCA"
"1215857","PRKCI","NUMB",-0.419400180714778,0,0,"PRKCI_NUMB"
"1221784","YY2","FOS",-0.253923118169374,3.5902835815449e-08,7.02986607396076e-08,"YY2_FOS"
"1222534","CHEK1","SETMAR",0.733248706739834,0,0,"CHEK1_SETMAR"
"1225175","PRRX1","MAFF",-0.156052718261095,0.00080491179651232,0.00115279972652085,"PRRX1_MAFF"
"1248900","WNT9A","CHRNA1",0.168902241782151,0.000282426671903702,0.000419913447410944,"WNT9A_CHRNA1"
"1255581","PTPRG","PTK2",0.775556526461403,0,0,"PTPRG_PTK2"
"1255623","FGR","PTK2",-0.499792768501438,0,0,"FGR_PTK2"
"1255820","MYO1E","PTK2",0.727234512676221,0,0,"MYO1E_PTK2"
"1256068","ACTN1","PTK2",-0.492096609078092,0,0,"ACTN1_PTK2"
"1256198","ITGB3","PTK2",-0.178448234797204,0.000123344127936686,0.000188685354337389,"ITGB3_PTK2"
"1256430","ITGB8","PTK2",0.676698027562361,0,0,"ITGB8_PTK2"
"1256456","KDR","PTK2",0.717674763962653,0,0,"KDR_PTK2"
"1256565","GDNF","PTK2",0.530260099964216,0,0,"GDNF_PTK2"
"1256601","ITGB7","PTK2",-0.299802862815682,5.76187986212062e-11,1.34014316050247e-10,"ITGB7_PTK2"
"1256614","PTK2B","PTK2",-0.555845580841044,0,0,"PTK2B_PTK2"
"1256727","ITGB4","PTK2",0.74050822495237,0,0,"ITGB4_PTK2"
"1256729","ITGB2","PTK2",-0.533084614536649,0,0,"ITGB2_PTK2"
"1256746","MET","PTK2",0.773089073384878,0,0,"MET_PTK2"
"1256899","ZNF503","PTK2",0.728778424110748,0,0,"ZNF503_PTK2"
"1257315","RARA","CCNA1",0.360864085062643,1.55431223447522e-15,4.67037782054794e-15,"RARA_CCNA1"
"1265679","PCDHA10","PCDHGA4",0.280542607483587,9.92542048550149e-10,2.14323734248647e-09,"PCDHA10_PCDHGA4"
"1266433","PCDHA2","PCDHGA4",0.230710193918126,5.99385550748011e-07,1.08252961642329e-06,"PCDHA2_PCDHGA4"
"1267177","MAPK14","DDIT3",-0.10836005907886,0.0203677806678411,0.0256897563963487,"MAPK14_DDIT3"
"1269143","SMO","ARRB2",-0.56059963922564,0,0,"SMO_ARRB2"
"1275945","F2RL1","AREG",-0.126247914867723,0.00682484488385615,0.00900692961276067,"F2RL1_AREG"
"1279572","PRKD1","REM1",0.197248891641973,2.12232972454096e-05,3.43912674450654e-05,"PRKD1_REM1"
"1282060","AREL1","MTX2",-0.585975659160118,0,0,"AREL1_MTX2"
"1288840","CBL","MYCBPAP",-0.366677718407503,4.44089209850063e-16,1.36473209662964e-15,"CBL_MYCBPAP"
"1292489","FCGR3A","TNF",0.268240057767506,5.47274714435275e-09,1.12855840062575e-08,"FCGR3A_TNF"
"1293111","HBA1","TNF",0.108407377015812,0.020312664967006,0.025623319474261,"HBA1_TNF"
"1297255","MMP2","LRP2",0.203027151378294,1.19343420679208e-05,1.96926862496098e-05,"MMP2_LRP2"
"1301553","CDK1","FMNL2",0.21500263610345,3.43231005173195e-06,5.88500253237149e-06,"CDK1_FMNL2"
"1301970","C3","C3AR1",-0.168503128734155,0.000292105260562892,0.000433804196460976,"C3_C3AR1"
"1303326","WNT1","FZD1",-0.294612147262843,1.26745280937257e-10,2.88843132075746e-10,"WNT1_FZD1"
"1305007","PBX1","CDH1",0.804851907373501,0,0,"PBX1_CDH1"
"1305292","PRKD1","CDH1",0.532787185124982,0,0,"PRKD1_CDH1"
"1305485","SNAI2","CDH1",0.763038053067361,0,0,"SNAI2_CDH1"
"1305499","TWIST2","CDH1",-0.117546202168675,0.0118205355961378,0.0152551047560327,"TWIST2_CDH1"
"1305579","ZEB2","CDH1",-0.433117889763254,0,0,"ZEB2_CDH1"
"1305911","SNAI1","CDH1",-0.209063715592994,6.42536816042316e-06,1.08081790934124e-05,"SNAI1_CDH1"
"1306013","CTNND2","CDH1",0.310637404090877,1.05584430087902e-11,2.56414980967688e-11,"CTNND2_CDH1"
"1306060","CTNND1","CDH1",0.792979014340626,0,0,"CTNND1_CDH1"
"1306092","PRKCD","CDH1",-0.463177027960541,0,0,"PRKCD_CDH1"
"1306153","ANK3","CDH1",0.754928905130412,0,0,"ANK3_CDH1"
"1306393","SALL4","CDH1",0.560194735157501,0,0,"SALL4_CDH1"
"1306499","ZNF503","CDH1",0.737565315860421,0,0,"ZNF503_CDH1"
"1309628","CDK1","KIFC1",0.955758539982059,0,0,"CDK1_KIFC1"
"1311158","RNF128","ARHGDIB",-0.255843806343131,2.80777148198297e-08,5.53592877818557e-08,"RNF128_ARHGDIB"
"1313349","APBA1","STXBP1",0.66989359931076,0,0,"APBA1_STXBP1"
"1314203","PRKCG","STXBP1",0.235429962706108,3.46057252409437e-07,6.35100756102565e-07,"PRKCG_STXBP1"
"1316546","FLI1","COL1A2",-0.227426220739298,8.72408149721338e-07,1.55827205437064e-06,"FLI1_COL1A2"
"1317074","SMOC1","COL1A2",0.462192826268208,0,0,"SMOC1_COL1A2"
"1317294","TGFB1","COL1A2",-0.209704983229091,6.00989121135598e-06,1.01298056814826e-05,"TGFB1_COL1A2"
"1317810","COLGALT1","COL1A2",-0.187196898966453,5.55568423930008e-05,8.72724073112119e-05,"COLGALT1_COL1A2"
"1320056","NFIB","ID3",0.367831810930497,4.44089209850063e-16,1.36473209662964e-15,"NFIB_ID3"
"1320270","NFIA","ID3",0.500439937478915,0,0,"NFIA_ID3"
"1320745","GDNF","ID3",0.511694076168981,0,0,"GDNF_ID3"
"1322734","TNF","DIO1",0.213599263772142,3.98687318581281e-06,6.80493160436263e-06,"TNF_DIO1"
"1327178","PRKCD","G6PD",0.769552480247154,0,0,"PRKCD_G6PD"
"1330740","CDK1","PTTG2",-0.375147947800868,0,0,"CDK1_PTTG2"
"1338829","PRDM1","CCL2",-0.128169777353167,0.00601807901602869,0.0079822506496948,"PRDM1_CCL2"
"1341574","WWP2","ABI3",0.152077795655859,0.00109571613481529,0.00155158064925895,"WWP2_ABI3"
"1352021","CDK1","KIF20B",0.854598811918196,0,0,"CDK1_KIF20B"
"1352392","ERBB3","GRB2",-0.180698949462281,0.00010081782942617,0.000155275790828129,"ERBB3_GRB2"
"1353014","DOK3","GRB2",0.906532467297729,0,0,"DOK3_GRB2"
"1353215","VAV1","GRB2",0.8889947446129,0,0,"VAV1_GRB2"
"1353326","KDR","GRB2",-0.3814725402149,0,0,"KDR_GRB2"
"1353469","ALK","GRB2",-0.165620518156346,0.000371760824895428,0.000547428649464942,"ALK_GRB2"
"1353616","MET","GRB2",-0.412528998839659,0,0,"MET_GRB2"
"1353622","ERBB4","GRB2",-0.294960236357607,1.20278453863421e-10,2.74481475626035e-10,"ERBB4_GRB2"
"1353656","FLT3","GRB2",0.600418838018011,0,0,"FLT3_GRB2"
"1353776","PTK2","GRB2",-0.449775812454152,0,0,"PTK2_GRB2"
"1355310","CDK1","CEP55",0.966999389462788,0,0,"CDK1_CEP55"
"1359907","KIF7","GLI3",0.570615398932543,0,0,"KIF7_GLI3"
"1360140","ZIC1","GLI3",-0.132106329136811,0.00462731260292237,0.00620161271655596,"ZIC1_GLI3"
"1360247","CSNK1A1L","GLI3",-0.191284831622942,3.77890666829472e-05,6.01169897221204e-05,"CSNK1A1L_GLI3"
"1368720","PLK3","PTEN",0.428915750912687,0,0,"PLK3_PTEN"
"1368793","PBK","PTEN",-0.463878552924059,0,0,"PBK_PTEN"
"1369651","FGFR3","PTEN",-0.210624191533045,5.45878002888855e-06,9.22818818028519e-06,"FGFR3_PTEN"
"1369760","MAST1","PTEN",-0.299473945710058,6.05986372193001e-11,1.40756901652841e-10,"MAST1_PTEN"
"1369993","PREX2","PTEN",-0.296000432587235,1.02810204793968e-10,2.35563376875496e-10,"PREX2_PTEN"
"1370035","FRK","PTEN",-0.362138045522083,1.33226762955019e-15,4.00956011673369e-15,"FRK_PTEN"
"1370080","TET1","PTEN",-0.47658542439656,0,0,"TET1_PTEN"
"1370158","SALL4","PTEN",-0.358107593136485,2.66453525910038e-15,7.90066898932806e-15,"SALL4_PTEN"
"1370713","CFH","CRP",0.147937259388048,0.00149924336644425,0.00209814246098433,"CFH_CRP"
"1377630","HNF4A","AKR1C4",0.69510163153484,0,0,"HNF4A_AKR1C4"
"1381777","GRK2","SNCG",-0.121236083469123,0.00940251279373094,0.0122488975849465,"GRK2_SNCG"
"1391241","KNL1","BUB1",0.948885643295364,0,0,"KNL1_BUB1"
"1391753","CDK1","BUB1",0.917319346106493,0,0,"CDK1_BUB1"
"1395610","RAF1","STK4",0.830199545065454,0,0,"RAF1_STK4"
"1396646","WWC1","STK4",-0.272558544110653,3.03486924480012e-09,6.35948772259976e-09,"WWC1_STK4"
"1396822","RASSF1","STK4",0.421028932031774,0,0,"RASSF1_STK4"
"1403771","SP6","TGFBR2",-0.282329902539594,7.69028618563539e-10,1.67193286202073e-09,"SP6_TGFBR2"
"1403791","KLF14","TGFBR2",0.604124453464839,0,0,"KLF14_TGFBR2"
"1404691","TGFB1","TGFBR2",0.186227575525213,6.08004253108696e-05,9.52299455758233e-05,"TGFB1_TGFBR2"
"1405227","TGFB2","TGFBR2",-0.122485982495213,0.00868939708856509,0.0113562111498906,"TGFB2_TGFBR2"
"1413303","HCK","ELMO1",0.630870821905958,0,0,"HCK_ELMO1"
"1417505","MARK2","PINK1",0.673111073955202,0,0,"MARK2_PINK1"
"1418742","PTEN","PINK1",0.456466705825409,0,0,"PTEN_PINK1"
"1424569","MAPK14","JDP2",0.708884881397018,0,0,"MAPK14_JDP2"
"1426688","PRKCD","NCF1",0.790086339954024,0,0,"PRKCD_NCF1"
"1432525","NFATC4","GPC6",0.484615949100245,0,0,"NFATC4_GPC6"
"1437147","WWTR1","NKX2.1",0.331801890883748,3.12194714524594e-13,8.27343193216431e-13,"WWTR1_NKX2.1"
"1440274","ELF3","SPRR2A",0.335565223374814,1.62092561595273e-13,4.36426998743427e-13,"ELF3_SPRR2A"
"1443566","SMO","GNB2",-0.493078326263371,0,0,"SMO_GNB2"
"1456969","NGF","NGFR",0.222554385644314,1.50692026723576e-06,2.64838045743429e-06,"NGF_NGFR"
"1469577","CREB5","LGALS3BP",-0.437211316448792,0,0,"CREB5_LGALS3BP"
"1473447","PTPRG","BMX",-0.288671096252545,3.06482395018293e-10,6.82673720891424e-10,"PTPRG_BMX"
"1474616","BTK","BMX",0.762281004496549,0,0,"BTK_BMX"
"1476081","CAMK2A","GABBR1",0.163587812321197,0.000439634197346717,0.000643522026937906,"CAMK2A_GABBR1"
"1494607","NFE2","HBE1",0.249826071825055,6.02530341176077e-08,1.16280895973108e-07,"NFE2_HBE1"
"1514102","PRKCD","PLSCR1",0.694259012117485,0,0,"PRKCD_PLSCR1"
"1514705","PLK3","CASP8",0.300737329675382,4.99109642504436e-11,1.16514863552192e-10,"PLK3_CASP8"
"1515411","MAPK14","CASP8",0.742978641738488,0,0,"MAPK14_CASP8"
"1515628","PTPN6","CASP8",0.579786889827671,0,0,"PTPN6_CASP8"
"1515646","LYN","CASP8",0.773432633413749,0,0,"LYN_CASP8"
"1516145","CDK1","CASP8",-0.499078076028755,0,0,"CDK1_CASP8"
"1516434","FCGR2B","TLR4",0.392259062196683,0,0,"FCGR2B_TLR4"
"1517118","S100A9","TLR4",0.534959324696201,0,0,"S100A9_TLR4"
"1518123","S100A8","TLR4",0.403843903726178,0,0,"S100A8_TLR4"
"1521700","TRIM25","SFN",-0.236998278720239,2.87578676427813e-07,5.30634697145315e-07,"TRIM25_SFN"
"1522592","MAPK10","SFN",0.254083369244597,3.51766074047077e-08,6.89155718510409e-08,"MAPK10_SFN"
"1526731","PPP2R5B","KIF20A",-0.290240274956038,2.43212117112535e-10,5.45021472064477e-10,"PPP2R5B_KIF20A"
"1532386","PTPRG","ITGAL",-0.410785550322953,0,0,"PTPRG_ITGAL"
"1535668","SOSTDC1","WNT3",0.108519102466225,0.0201830420480253,0.0254668894255133,"SOSTDC1_WNT3"
"1537510","LTK","IRS1",-0.258525095520253,1.98544460872085e-08,3.95206644735745e-08,"LTK_IRS1"
"1537899","IL4R","IRS1",-0.51937714547036,0,0,"IL4R_IRS1"
"1538033","PIN4","IRS1",0.538868390201427,0,0,"PIN4_IRS1"
"1538553","PRKCD","IRS1",-0.535020576533581,0,0,"PRKCD_IRS1"
"1538556","SOCS3","IRS1",-0.467249120298868,0,0,"SOCS3_IRS1"
"1538990","TNF","IRS1",-0.328826740703167,5.20916643154123e-13,1.36325851095471e-12,"TNF_IRS1"
"1539037","PTEN","IRS1",-0.496707696971583,0,0,"PTEN_IRS1"
"1539450","NFYB","GFI1B",-0.38415673749471,0,0,"NFYB_GFI1B"
"1552848","ITGB4","PMP22",0.206160214146073,8.67407738081027e-06,1.44554163907641e-05,"ITGB4_PMP22"
"1553044","ITGA6","PMP22",0.453623480766416,0,0,"ITGA6_PMP22"
"1554169","FGFR3","TET2",-0.14298022992324,0.00215985526341989,0.00298116334715125,"FGFR3_TET2"
"1554210","JAK2","TET2",0.754856243250758,0,0,"JAK2_TET2"
"1559457","KLF2","THBD",0.42239429715576,0,0,"KLF2_THBD"
"1562584","NFIB","EPHA5",0.434500355796417,0,0,"NFIB_EPHA5"
"1562798","NFIA","EPHA5",0.249166484212436,6.54350877926646e-08,1.25982722422142e-07,"NFIA_EPHA5"
"1563055","EFNA3","EPHA5",0.0980691342515868,0.0358966997208352,0.04416822038653,"EFNA3_EPHA5"
"1563167","EFNA1","EPHA5",0.356206719621809,3.77475828372553e-15,1.11137479700664e-14,"EFNA1_EPHA5"
"1564630","PCDHA10","PCDHGC5",0.220255140046761,1.94211577619896e-06,3.38744051132612e-06,"PCDHA10_PCDHGC5"
"1565384","PCDHA2","PCDHGC5",0.264743834385068,8.75419026158397e-09,1.78226184902438e-08,"PCDHA2_PCDHGC5"
"1567735","MMP2","A2M",0.495500842075852,0,0,"MMP2_A2M"
"1568482","CTSE","A2M",-0.120720047844601,0.00971179609924899,0.0126350387011539,"CTSE_A2M"
"1572873","ANXA1","FPR1",0.60216519344225,0,0,"ANXA1_FPR1"
"1574137","GRK2","FPR1",0.847288291514892,0,0,"GRK2_FPR1"
"1583586","GAB2","ARHGAP32",-0.479669016303007,0,0,"GAB2_ARHGAP32"
"1587164","FLI1","GP6",0.389993146889566,0,0,"FLI1_GP6"
"1589822","KAT6A","CCL3",0.27728961851752,1.57181379023541e-09,3.35211272409619e-09,"KAT6A_CCL3"
"1598783","IRX1","H2BC21",-0.126247695588774,0.0068249422099278,0.0090070504276435,"IRX1_H2BC21"
"1599076","MSL1","H2BC21",0.110055668207852,0.0184719873222701,0.0233961588555215,"MSL1_H2BC21"
"1600022","TFEB","CTSF",-0.378959876267511,0,0,"TFEB_CTSF"
"1600578","TFE3","CTSF",-0.428152488503456,0,0,"TFE3_CTSF"
"1606643","MAP3K3","RCAN1",-0.426257181165268,0,0,"MAP3K3_RCAN1"
"1607094","HES1","RCAN1",0.299323980944477,6.20064000145248e-11,1.43940769364147e-10,"HES1_RCAN1"
"1613082","PRKCD","HVCN1",0.517415771453668,0,0,"PRKCD_HVCN1"
"1617881","RXRA","THRB",-0.282986455897911,6.99905911005771e-10,1.52546431429005e-09,"RXRA_THRB"
"1640127","PRKCD","MYBPC3",0.795935285434584,0,0,"PRKCD_MYBPC3"
"1646549","EZH2","AR",0.30296443761308,3.53714835199526e-11,8.33150148131558e-11,"EZH2_AR"
"1647115","FHL2","AR",0.183335136161245,7.93617629504251e-05,0.000123207494513632,"FHL2_AR"
"1647292","HIP1","AR",-0.227038535003262,9.11598926567336e-07,1.62625996009395e-06,"HIP1_AR"
"1647680","CDK1","AR",0.265650507862419,7.75518760320892e-09,1.58414422850717e-08,"CDK1_AR"
"1647861","PTEN","AR",-0.221867377238299,1.62605986875342e-06,2.85120034028484e-06,"PTEN_AR"
"1647877","STK4","AR",-0.300542431400774,5.14308595711555e-11,1.19974192931106e-10,"STK4_AR"
"1660105","ZBP1","RIPK3",0.215589826223931,3.22286199416766e-06,5.53634861186815e-06,"ZBP1_RIPK3"
"1670782","SORT1","APOE",-0.180943010993531,9.86226748471708e-05,0.000152008716044022,"SORT1_APOE"
"1672619","SERPINA1","F2",0.158563321582416,0.000659946502432396,0.000952054852200547,"SERPINA1_F2"
"1672749","SERPINC1","F2",0.76733968430448,0,0,"SERPINC1_F2"
"1689603","PAK1","NET1",-0.500859828729586,0,0,"PAK1_NET1"
"1690216","WNT7A","SPRY4",-0.108868473298118,0.0197823360955394,0.024982911700795,"WNT7A_SPRY4"
"1695596","PLK3","CDC25A",-0.384965792405736,0,0,"PLK3_CDC25A"
"1695829","CHEK1","CDC25A",0.972563320509203,0,0,"CHEK1_CDC25A"
"1697036","CDK1","CDC25A",0.94262336965415,0,0,"CDK1_CDC25A"
"1706328","SLIT2","ROBO2",0.498091761415278,0,0,"SLIT2_ROBO2"
"1718131","MMP2","DCN",0.729759166808147,0,0,"MMP2_DCN"
"1722809","TNFRSF6B","FASLG",-0.1182468416996,0.0113230280925429,0.0146388254870165,"TNFRSF6B_FASLG"
"1728216","IRX1","NPTX1",0.506412632550093,0,0,"IRX1_NPTX1"
"1729185","NFYB","SOX18",0.509159945166721,0,0,"NFYB_SOX18"
"1732546","AR","CLK3",-0.241909987459693,1.59713580361043e-07,2.99781539070375e-07,"AR_CLK3"
"1738073","PRKG1","RGS2",-0.331506397327474,3.28626015289046e-13,8.69798019246617e-13,"PRKG1_RGS2"
"1748693","CAMK2A","CEBPB",0.0985272638389397,0.0350357713879641,0.0431550717887471,"CAMK2A_CEBPB"
"1748981","FLT3","CEBPB",0.240899480133779,1.80443820996246e-07,3.37483826692584e-07,"FLT3_CEBPB"
"1749083","STK40","CEBPB",0.582287627595672,0,0,"STK40_CEBPB"
"1749108","DDIT3","CEBPB",0.490528180349984,0,0,"DDIT3_CEBPB"
"1753646","IL4R","JAK3",0.821032946609021,0,0,"IL4R_JAK3"
"1753810","PTPRC","JAK3",0.610316472619376,0,0,"PTPRC_JAK3"
"1754086","PTPN6","JAK3",0.834048048273243,0,0,"PTPN6_JAK3"
"1754303","SOCS3","JAK3",0.543106358192382,0,0,"SOCS3_JAK3"
"1761709","HBA1","ADAMTS13",-0.238522416289627,2.39933888979138e-07,4.45056003551525e-07,"HBA1_ADAMTS13"
"1774442","TFEB","GLA",0.504820400863247,0,0,"TFEB_GLA"
"1774998","TFE3","GLA",0.677752982872349,0,0,"TFE3_GLA"
"1776019","TLR2","TICAM1",0.185531973571581,6.48474653008879e-05,0.000101353173926143,"TLR2_TICAM1"
"1784691","CDK1","PPP1R13L",0.166337939571831,0.000350234318628795,0.000516793004259603,"CDK1_PPP1R13L"
"1787829","PCDHA10","PCDHGC4",0.163554041871306,0.000440853498764326,0.00064524345563572,"PCDHA10_PCDHGC4"
"1788583","PCDHA2","PCDHGC4",0.184460410008284,7.15824332337966e-05,0.000111514465168746,"PCDHA2_PCDHGC4"
"1795965","PAK1","BCL6",0.466934266995398,0,0,"PAK1_BCL6"
"1807802","IL12B","IL12RB1",-0.312228734327569,8.180567334648e-12,1.99959855768295e-11,"IL12B_IL12RB1"
"1809998","NDN","BMI1",0.731725767668616,0,0,"NDN_BMI1"
"1813646","ULK1","PRKAA2",-0.425572086530019,0,0,"ULK1_PRKAA2"
"1813693","CAMKK2","PRKAA2",-0.353312850505749,6.66133814775094e-15,1.93429020556251e-14,"CAMKK2_PRKAA2"
"1838142","PTEN","ABTB1",0.552013588229115,0,0,"PTEN_ABTB1"
"1840935","PPARGC1A","CYP7A1",-0.115781789811244,0.0131599576880075,0.0169080910646005,"PPARGC1A_CYP7A1"
"1840977","TFEB","CYP7A1",0.23696799028489,2.88612123755527e-07,5.32494615088892e-07,"TFEB_CYP7A1"
"1841501","DBP","CYP7A1",-0.169168527141745,0.00027613665795756,0.000410902739556964,"DBP_CYP7A1"
"1846180","NEK2","CCDC102B",0.428466189958394,0,0,"NEK2_CCDC102B"
"1849322","TCF4","SSTR2",0.133163952888561,0.00430680896918645,0.00578813621215808,"TCF4_SSTR2"
"1851603","TGFBR2","ZFYVE9",-0.366346818271195,4.44089209850063e-16,1.36473209662964e-15,"TGFBR2_ZFYVE9"
"1857507","FOXE1","TGFB3",0.547934103900403,0,0,"FOXE1_TGFB3"
"1860901","PRRX1","MAFG",-0.274777170766043,2.23266871657302e-09,4.71701715468003e-09,"PRRX1_MAFG"
"1867333","STOX1","CNTNAP2",0.685974844451287,0,0,"STOX1_CNTNAP2"
"1868597","TCF4","CNTNAP2",0.701507571382077,0,0,"TCF4_CNTNAP2"
"1877466","PRL","KRT19",-0.106243035056462,0.0229704282087213,0.028825455477065,"PRL_KRT19"
"1878955","SPI1","MEIS1",-0.345857461066226,2.57571741713036e-14,7.24597181939043e-14,"SPI1_MEIS1"
"1879948","HOXD10","MEIS1",0.314673966166529,5.51070300502943e-12,1.36025319482482e-11,"HOXD10_MEIS1"
"1881818","UBE2D1","TRIM2",-0.321453944677194,1.8078871732996e-12,4.5879589524089e-12,"UBE2D1_TRIM2"
"1886020","DLGAP1","SHANK2",0.450494596636197,0,0,"DLGAP1_SHANK2"
"1886138","DLGAP2","SHANK2",0.457253377490785,0,0,"DLGAP2_SHANK2"
"1887825","PRKCD","NR2F6",-0.46457323673102,0,0,"PRKCD_NR2F6"
"1890889","TLR2","MYD88",0.760702847262261,0,0,"TLR2_MYD88"
"1891878","IL1R1","MYD88",0.695017765814274,0,0,"IL1R1_MYD88"
"1892227","IL1RL1","MYD88",0.192575849186903,3.3401998408511e-05,5.33444327695521e-05,"IL1RL1_MYD88"
"1892283","TLR4","MYD88",0.822562919014649,0,0,"TLR4_MYD88"
"1895676","GDNF","NCAM1",-0.15098679714838,0.00119099606445783,0.00168121579737031,"GDNF_NCAM1"
"1902833","CDT1","MCM2",0.785350252603581,0,0,"CDT1_MCM2"
"1907651","NKX2.5","LYL1",0.274501814843421,2.31971952757704e-09,4.89566423500867e-09,"NKX2.5_LYL1"
"1909902","RUNX3","ELANE",0.359297853657189,2.22044604925031e-15,6.61083180819173e-15,"RUNX3_ELANE"
"1911938","PHF12","TLE2",-0.45656226101093,0,0,"PHF12_TLE2"
"1912437","NHLH2","ASCL1",0.285280865255879,5.02642372168793e-10,1.10510403857038e-09,"NHLH2_ASCL1"
"1912556","HES1","ASCL1",0.242650714794061,1.45996347900024e-07,2.74733015776751e-07,"HES1_ASCL1"
"1912667","LMO3","ASCL1",0.332462597284963,2.78443934575989e-13,7.39894658300519e-13,"LMO3_ASCL1"
"1914864","VIM","LARP6",-0.392858299621593,0,0,"VIM_LARP6"
"1926915","TFE3","WIPI1",0.73575186646883,0,0,"TFE3_WIPI1"
"1936994","FLT3","FZD4",-0.246661689928239,8.93220986064591e-08,1.7045932114939e-07,"FLT3_FZD4"
"1937063","ZNRF3","FZD4",0.534341672493954,0,0,"ZNRF3_FZD4"
"1940592","TBKBP1","CARD10",-0.300622086188953,5.0804249696057e-11,1.18548600531672e-10,"TBKBP1_CARD10"
"1942095","HNF4A","ABCG8",0.905881075462132,0,0,"HNF4A_ABCG8"
"1944872","FLT3","PIM1",0.167747121974932,0.000311292935928131,0.000461264803103121,"FLT3_PIM1"
"1954209","TFAP2A","CRABP2",0.331439730205352,3.32622818177697e-13,8.80136683999722e-13,"TFAP2A_CRABP2"
"1954367","TFAP2C","CRABP2",0.379952762597886,0,0,"TFAP2C_CRABP2"
"1957758","ASB9","CKB",0.118492625077769,0.0111529454073633,0.0144281604639572,"ASB9_CKB"
"1967222","ULK1","ATG9A",0.815218947707972,0,0,"ULK1_ATG9A"
"1969184","SPI1","FCRL6",-0.118127898301768,0.0114061583394713,0.014742091486559,"SPI1_FCRL6"
"1979712","MIPOL1","RHOB",-0.171042017056168,0.000235446564459174,0.000352273183868235,"MIPOL1_RHOB"
"1981635","CCL5","CCR3",0.367143024859916,4.44089209850063e-16,1.36473209662964e-15,"CCL5_CCR3"
"1997951","FOXA1","KRT7",0.356056383072558,3.99680288865056e-15,1.17447723831584e-14,"FOXA1_KRT7"
"2006181","CAMK2A","FBXO43",-0.162912257723428,0.000464631955626515,0.000678763319200728,"CAMK2A_FBXO43"
"2010485","CDK1","BIRC5",0.778414540795535,0,0,"CDK1_BIRC5"
"2012022","JAK2","EPOR",0.193075442725858,3.18374193630788e-05,5.09256992420245e-05,"JAK2_EPOR"
"2026260","RSPO3","LGR5",0.288358302817879,3.2088465218294e-10,7.1389418414447e-10,"RSPO3_LGR5"
"2027211","ACE2","APLN",0.383924544015477,0,0,"ACE2_APLN"
"2029846","MAPK14","MKNK2",0.545009213441658,0,0,"MAPK14_MKNK2"
"2032259","EFNA1","EPHA6",0.305944196938362,2.22111218306509e-11,5.2938328971106e-11,"EFNA1_EPHA6"
"2042749","F2RL1","TXNIP",0.563979564171823,0,0,"F2RL1_TXNIP"
"2043366","SMAD6","SMAD1",0.400724609109857,0,0,"SMAD6_SMAD1"
"2043585","BMPR1A","SMAD1",0.709590222507415,0,0,"BMPR1A_SMAD1"
"2044527","MAP4K4","SMAD1",-0.413281085301056,0,0,"MAP4K4_SMAD1"
"2044745","BMP2","SMAD1",0.259182123368739,1.82271282511692e-08,3.63678723954259e-08,"BMP2_SMAD1"
"2045934","VEGFA","DLL4",-0.25544486532831,2.95535453886941e-08,5.81843214242197e-08,"VEGFA_DLL4"
"2048446","CD55","ADGRE5",0.697141823403573,0,0,"CD55_ADGRE5"
"2051460","SMAD6","HOXC8",0.132269277268308,0.00457656989273425,0.00613612923846217,"SMAD6_HOXC8"
"2055575","GNAI1","ADCY1",0.430677928270609,0,0,"GNAI1_ADCY1"
"2055582","GNAI2","ADCY1",-0.334391955887692,1.99174010617753e-13,5.33603746308943e-13,"GNAI2_ADCY1"
"2057446","SOSTDC1","WNT5A",0.183398184041647,7.89056248875486e-05,0.000122523765527022,"SOSTDC1_WNT5A"
"2057962","NFIB","WNT5A",0.53148256130356,0,0,"NFIB_WNT5A"
"2058176","NFIA","WNT5A",0.679693552304952,0,0,"NFIA_WNT5A"
"2058749","GPC4","WNT5A",0.772045909161278,0,0,"GPC4_WNT5A"
"2059100","GPC6","WNT5A",0.46819574746838,0,0,"GPC6_WNT5A"
"2084389","CX3CL1","CX3CR1",-0.245205203716226,1.06874576299987e-07,2.02910976275238e-07,"CX3CL1_CX3CR1"
"2092452","SOHLH1","ZP1",0.196689303200143,2.24204480989698e-05,3.62686129106641e-05,"SOHLH1_ZP1"
"2103453","CAMK2A","KRT18",-0.0962041679394954,0.0395893166755752,0.0484943670268431,"CAMK2A_KRT18"
"2103750","CDK1","KRT18",0.204488243242697,1.02905632548556e-05,1.70577437640318e-05,"CDK1_KRT18"
"2106681","FGR","HCLS1",0.900534678822697,0,0,"FGR_HCLS1"
"2107354","LYN","HCLS1",0.6768868239799,0,0,"LYN_HCLS1"
"2108034","PTEN","HCLS1",0.581235072753878,0,0,"PTEN_HCLS1"
"2110652","CDH4","CDH2",0.477637385757256,0,0,"CDH4_CDH2"
"2111578","CTNND2","CDH2",0.25303630454618,4.01912814140815e-08,7.84458938267499e-08,"CTNND2_CDH2"
"2111625","CTNND1","CDH2",0.450143602836429,0,0,"CTNND1_CDH2"
"2126571","UBE2T","FANCL",0.639509368410357,0,0,"UBE2T_FANCL"
"2131756","SOX5","COL2A1",0.408229223899289,0,0,"SOX5_COL2A1"
"2133161","PTPRB","MAPK3",-0.387220449320718,0,0,"PTPRB_MAPK3"
"2133697","DUSP9","MAPK3",-0.203829011582901,1.1003597814252e-05,1.82036276154751e-05,"DUSP9_MAPK3"
"2133790","FGF2","MAPK3",-0.33930812983518,8.39328606616618e-14,2.2958960199052e-13,"FGF2_MAPK3"
"2133913","FN1","MAPK3",-0.20283373737283,1.21698023600736e-05,2.00685597507127e-05,"FN1_MAPK3"
"2134086","PTPRJ","MAPK3",0.594250276224364,0,0,"PTPRJ_MAPK3"
"2134230","DUSP1","MAPK3",0.426070184346176,0,0,"DUSP1_MAPK3"
"2134620","CDK1","MAPK3",-0.480659450786702,0,0,"CDK1_MAPK3"
"2134988","CDC25A","MAPK3",-0.470384493593594,0,0,"CDC25A_MAPK3"
"2140955","TNF","REL",0.450722223862422,0,0,"TNF_REL"
"2141972","CTSG","SERPIND1",0.140310368177394,0.00261705745352447,0.0035857398210214,"CTSG_SERPIND1"
"2143370","ELANE","SERPIND1",0.190839447424413,3.9425135467841e-05,6.26327389737697e-05,"ELANE_SERPIND1"
"2143951","MAP2K6","PAK6",-0.13938856067522,0.00279434059280659,0.00381885730854452,"MAP2K6_PAK6"
"2144226","MAPK14","PAK6",-0.147308157583393,0.00157131650236098,0.00219513325278129,"MAPK14_PAK6"
"2159392","LRFN5","PTPRS",0.318362892876007,3.01558777948685e-12,7.55604796339312e-12,"LRFN5_PTPRS"
"2159777","HSPG2","PTPRS",0.665462729455963,0,0,"HSPG2_PTPRS"
"2166767","KEL","EDN3",-0.138671181972912,0.00293979698500069,0.00400980439065707,"KEL_EDN3"
"2177482","MAPK14","COL1A1",-0.166179061410409,0.000354898848526686,0.000523439860035457,"MAPK14_COL1A1"
"2177562","SMOC1","COL1A1",0.497121292175807,0,0,"SMOC1_COL1A1"
"2177782","TGFB1","COL1A1",-0.183996167227877,7.47004700667464e-05,0.000116201742158309,"TGFB1_COL1A1"
"2178298","COLGALT1","COL1A1",-0.161001994930547,0.000542652849480074,0.000788361281777489,"COLGALT1_COL1A1"
"2179891","EHF","DCDC2",0.298542160160027,6.98792135267468e-11,1.61724833848503e-10,"EHF_DCDC2"
"2188227","TGFB1","OMD",-0.209950868752343,5.85748361148219e-06,9.88078611924718e-06,"TGFB1_OMD"
"2188700","BMP2","OMD",0.258947976810772,1.87916751048789e-08,3.74622690233587e-08,"BMP2_OMD"
"2201735","MRAP2","MC2R",0.225750525766089,1.05430088082059e-06,1.87279768117784e-06,"MRAP2_MC2R"
"2203850","PTPN13","EFNB1",0.400503659916015,0,0,"PTPN13_EFNB1"
"2222253","CDK1","ERCC6L",0.947026393094187,0,0,"CDK1_ERCC6L"
"2226173","CAMK2A","ID1",-0.0975128975998664,0.0369661009907967,0.0454225590343793,"CAMK2A_ID1"
"2226240","GDNF","ID1",0.457118663948938,0,0,"GDNF_ID1"
"2226461","FLT3","ID1",-0.243247603852552,1.35776077936356e-07,2.5601258151831e-07,"FLT3_ID1"
"2226719","GDF5","ID1",0.408488275457297,0,0,"GDF5_ID1"
"2236200","FGF2","HBB",-0.181335519906281,9.51864260141377e-05,0.00014688265946137,"FGF2_HBB"
"2236306","NFE2","HBB",0.282677599189307,7.31635196871139e-10,1.59274101400648e-09,"NFE2_HBB"
"2236596","TGFB1","HBB",0.283413229371228,6.58255672192354e-10,1.43707961306221e-09,"TGFB1_HBB"
"2236997","KLF1","HBB",0.484291073346361,0,0,"KLF1_HBB"
"2237616","EGF","HBB",0.132508708098024,0.00450292120401175,0.00604106108392231,"EGF_HBB"
"2258937","DDR1","TM4SF1",0.291222055365072,2.10300665770546e-10,4.73062644377581e-10,"DDR1_TM4SF1"
"2279527","WWTR1","TEAD1",0.905963272861319,0,0,"WWTR1_TEAD1"
"2280759","TWIST2","SRPX",0.213426577314694,4.06075189274269e-06,6.92712995011482e-06,"TWIST2_SRPX"
"2286409","TLE2","LEF1",0.253856338173899,3.62097298811648e-08,7.08824202300745e-08,"TLE2_LEF1"
"2290065","RIMBP3C","RIMS2",0.104843558590631,0.0248449022696535,0.0310722784110108,"RIMBP3C_RIMS2"
"2292345","CDK1","MCM4",0.90413336819767,0,0,"CDK1_MCM4"
"2293266","NRP1","PHACTR1",-0.152890851959003,0.00102933459605214,0.00146103828694549,"NRP1_PHACTR1"
"2302309","MAPK8IP3","MAP3K11",0.467813419065823,0,0,"MAPK8IP3_MAP3K11"
"2302326","MAPK14","MAP3K11",0.654273629280819,0,0,"MAPK14_MAP3K11"
"2302402","SH3RF1","MAP3K11",-0.397824115555178,0,0,"SH3RF1_MAP3K11"
"2302881","MAP4K4","MAP3K11",0.588500560920505,0,0,"MAP4K4_MAP3K11"
"2303060","CDK1","MAP3K11",-0.465583593268093,0,0,"CDK1_MAP3K11"
"2310575","MMP2","HAPLN1",0.611532527676296,0,0,"MMP2_HAPLN1"
"2311407","MMP3","HAPLN1",0.120489579768452,0.00985282188900394,0.012811191017012,"MMP3_HAPLN1"
"2333195","CDK1","LMNA",0.324925492450118,1.01074704161874e-12,2.60228551346122e-12,"CDK1_LMNA"
"2336697","TFEB","PPP1R15A",0.120740765204814,0.00969920720930029,0.0126193454608566,"TFEB_PPP1R15A"
"2337017","LYN","PPP1R15A",0.244218248925476,1.20612589027402e-07,2.28186794607546e-07,"LYN_PPP1R15A"
"2337634","DDIT3","PPP1R15A",0.728337264283866,0,0,"DDIT3_PPP1R15A"
"2343368","WNK3","SLC12A2",0.465340628436132,0,0,"WNK3_SLC12A2"
"2346199","NRP2","VEGFC",0.444600822179607,0,0,"NRP2_VEGFC"
"2351282","ULK1","YAP1",-0.443537244261693,0,0,"ULK1_YAP1"
"2351295","NEK2","YAP1",0.184976288200588,6.82616757696763e-05,0.000106508208482924,"NEK2_YAP1"
"2352138","STXBP4","YAP1",0.8047090066053,0,0,"STXBP4_YAP1"
"2352546","FRK","YAP1",0.419920155630032,0,0,"FRK_YAP1"
"2352671","CDK1","YAP1",0.217169273722624,2.7183853026358e-06,4.69364507798596e-06,"CDK1_YAP1"
"2353189","AMOT","YAP1",0.568511956969313,0,0,"AMOT_YAP1"
"2357781","FGF10","FGFR2",0.424411723701189,0,0,"FGF10_FGFR2"
"2358351","FGF2","FGFR2",0.43627339981455,0,0,"FGF2_FGFR2"
"2358508","FGF17","FGFR2",0.152316571637639,0.00107582326359346,0.0015244891602805,"FGF17_FGFR2"
"2359792","FGF18","FGFR2",0.438388895388015,0,0,"FGF18_FGFR2"
"2362138","PBX1","CDKN2A",0.305197317887691,2.4971136269869e-11,5.93332092233697e-11,"PBX1_CDKN2A"
"2362296","NDN","CDKN2A",0.350493913451529,1.11022302462516e-14,3.18570776554212e-14,"NDN_CDKN2A"
"2363091","NPM1","CDKN2A",0.488291236916069,0,0,"NPM1_CDKN2A"
"2363452","TBX2","CDKN2A",0.242070905771452,1.56631867920254e-07,2.94151500149876e-07,"TBX2_CDKN2A"
"2363876","MEIS2","CDKN2A",0.360758712526439,1.55431223447522e-15,4.67037782054794e-15,"MEIS2_CDKN2A"
"2363955","BMI1","CDKN2A",0.243111087878655,1.38050899156639e-07,2.60181123710226e-07,"BMI1_CDKN2A"
"2364210","MKRN1","CDKN2A",-0.258878759502278,1.89617797019537e-08,3.7792049993215e-08,"MKRN1_CDKN2A"
"2377389","NEK2","SGO1",0.951597510663353,0,0,"NEK2_SGO1"
"2378765","CDK1","SGO1",0.973091808523188,0,0,"CDK1_SGO1"
"2380919","C5AR2","SELL",0.838208176865465,0,0,"C5AR2_SELL"
"2386676","TFEB","IL6R",0.75420024441413,0,0,"TFEB_IL6R"
"2396104","IL1R1","IL1RAP",0.477956310095268,0,0,"IL1R1_IL1RAP"
"2396453","IL1RL1","IL1RAP",0.405429478385577,0,0,"IL1RL1_IL1RAP"
"2404093","SNAI2","CXCL12",0.447727619474712,0,0,"SNAI2_CXCL12"
"2410056","RIMS2","UNC13B",0.39858889883792,0,0,"RIMS2_UNC13B"
"2423340","NLGN3","NRXN3",-0.236753168181506,2.96045158165725e-07,5.45792813104488e-07,"NLGN3_NRXN3"
"2424943","NLGN1","NRXN3",0.175855709009572,0.000155129466076875,0.000235472600434614,"NLGN1_NRXN3"
"2425311","NLGN4Y","NRXN3",0.418083680063406,0,0,"NLGN4Y_NRXN3"
"2435177","MAP4K3","IQGAP1",-0.43790456853949,0,0,"MAP4K3_IQGAP1"
"2435651","NBEAL2","IQGAP1",0.704145964071301,0,0,"NBEAL2_IQGAP1"
"2435747","MET","IQGAP1",-0.442915417814634,0,0,"MET_IQGAP1"
"2437362","PCDHA10","PCDHGA1",0.256425741003154,2.60520267580944e-08,5.14716777884537e-08,"PCDHA10_PCDHGA1"
"2438116","PCDHA2","PCDHGA1",0.238124764508502,2.51574594267723e-07,4.66025722030495e-07,"PCDHA2_PCDHGA1"
"2442420","CDK1","NME1",0.603889025677994,0,0,"CDK1_NME1"
"2447038","STK4","SAV1",-0.518973648219568,0,0,"STK4_SAV1"
"2452045","SOSTDC1","WNT7B",0.110592531728671,0.0179047291105099,0.0227072170207315,"SOSTDC1_WNT7B"
"2456287","MAPK3","ALOX5",0.768299350878652,0,0,"MAPK3_ALOX5"
"2471596","CDC25A","CDK6",0.86869999597145,0,0,"CDC25A_CDK6"
"2471928","CDKN2A","CDK6",0.317796902149591,3.30957483640759e-12,8.27346185738205e-12,"CDKN2A_CDK6"
"2474216","PTPRB","GHR",0.684938573225392,0,0,"PTPRB_GHR"
"2475868","PTPN3","GHR",0.61157721591957,0,0,"PTPN3_GHR"
"2483268","PTPN14","STAT3",-0.390160082589798,0,0,"PTPN14_STAT3"
"2483274","CNTFR","STAT3",-0.455194653823381,0,0,"CNTFR_STAT3"
"2483367","PTPRG","STAT3",-0.345694499716813,2.66453525910038e-14,7.48988283401506e-14,"PTPRG_STAT3"
"2483370","IL20RA","STAT3",-0.440324053925607,0,0,"IL20RA_STAT3"
"2483375","PTPRT","STAT3",-0.433051382943686,0,0,"PTPRT_STAT3"
"2483708","PTPRR","STAT3",-0.303984515932277,3.01807467906201e-11,7.13729602529413e-11,"PTPRR_STAT3"
"2483847","MAPK14","STAT3",0.706506774801411,0,0,"MAPK14_STAT3"
"2483911","HIC1","STAT3",-0.54550309731778,0,0,"HIC1_STAT3"
"2483937","PTPRM","STAT3",-0.520777144791725,0,0,"PTPRM_STAT3"
"2484064","PTPN6","STAT3",0.663496671354681,0,0,"PTPN6_STAT3"
"2484072","FGFR3","STAT3",-0.186199158821346,6.09609760018337e-05,9.54733498000122e-05,"FGFR3_STAT3"
"2484113","JAK2","STAT3",0.558910564360096,0,0,"JAK2_STAT3"
"2484278","PRKCD","STAT3",0.781923007226088,0,0,"PRKCD_STAT3"
"2484281","SOCS3","STAT3",0.6653523276041,0,0,"SOCS3_STAT3"
"2484353","PTPRD","STAT3",-0.305344246907764,2.44029241258659e-11,5.80167160972555e-11,"PTPRD_STAT3"
"2484369","HCK","STAT3",0.717682045112974,0,0,"HCK_STAT3"
"2484385","ALK","STAT3",-0.202419364323623,1.26892162843895e-05,2.08978596200004e-05,"ALK_STAT3"
"2484479","STC2","STAT3",-0.22937832516657,6.98412733868281e-07,1.25569399492251e-06,"STC2_STAT3"
"2484484","LEPR","STAT3",-0.189044625706565,4.67223063722599e-05,7.38157396097531e-05,"LEPR_STAT3"
"2484798","PTPRK","STAT3",-0.536332064547712,0,0,"PTPRK_STAT3"
"2484899","DSCAML1","STAT3",-0.259432782537823,1.76409651331255e-08,3.52320260981733e-08,"DSCAML1_STAT3"
"2484980","JAK3","STAT3",0.773921668873704,0,0,"JAK3_STAT3"
"2485173","MAPK3","STAT3",0.73082495591944,0,0,"MAPK3_STAT3"
"2485318","DAB2IP","STAT3",-0.55353769552598,0,0,"DAB2IP_STAT3"
"2490314","IL4R","IL2RG",0.422743648452815,0,0,"IL4R_IL2RG"
"2491215","IL7","IL2RG",-0.475616599446729,0,0,"IL7_IL2RG"
"2493032","ARRB1","KIF3A",-0.670108437746176,0,0,"ARRB1_KIF3A"
"2493622","ARRB2","KIF3A",-0.643187596693314,0,0,"ARRB2_KIF3A"
"2495831","MTTP","APOB",0.372759139145133,0,0,"MTTP_APOB"
"2498865","SMAD6","PELI1",-0.23100009920313,5.79693883784316e-07,1.0480220406847e-06,"SMAD6_PELI1"
"2503877","C1RL","HP",0.139610902111362,0.0027506068169898,0.00376138601277344,"C1RL_HP"
"2517211","SNAI2","VDR",-0.332849395095395,2.60458321577062e-13,6.93232055089649e-13,"SNAI2_VDR"
"2517305","ZEB2","VDR",0.415548670890855,0,0,"ZEB2_VDR"
"2519535","FGF2","ENPP1",0.626261596287187,0,0,"FGF2_ENPP1"
"2519628","HSPA1A","ENPP1",-0.160664109563404,0.000557659406030364,0.000809402742307175,"HSPA1A_ENPP1"
"2519931","TGFB1","ENPP1",-0.416714599548237,0,0,"TGFB1_ENPP1"
"2520152","HSPA1B","ENPP1",-0.160257015314838,0.000576251246561243,0.000835420895545058,"HSPA1B_ENPP1"
"2529943","MAPK3","IRX2",-0.247990374948493,7.57618381364011e-08,1.45260998966094e-07,"MAPK3_IRX2"
"2533984","TNF","TNFRSF21",-0.217684484909349,2.57084444466038e-06,4.44623303582644e-06,"TNF_TNFRSF21"
"2538050","PRKCD","C5AR1",0.634959704159205,0,0,"PRKCD_C5AR1"
"2538603","PRKCB","C5AR1",0.580049405459953,0,0,"PRKCB_C5AR1"
"2540303","PRKCD","TACSTD2",-0.199169078610105,1.75600872034387e-05,2.86259591947734e-05,"PRKCD_TACSTD2"
"2542948","LNX1","ZBTB8A",0.794271328960837,0,0,"LNX1_ZBTB8A"
"2544048","TMOD1","TPM3",0.153941961069667,0.000949013452229419,0.00135109635061746,"TMOD1_TPM3"
"2547369","SALL4","ABCA3",0.203283897723465,1.16284696947133e-05,1.920394561282e-05,"SALL4_ABCA3"
"2563182","FLT3","GRB10",0.667128754763138,0,0,"FLT3_GRB10"
"2563783","MAPK3","GRB10",0.690667846801144,0,0,"MAPK3_GRB10"
"2566814","UBC","PRKN",-0.309343818367994,1.29776189794484e-11,3.13523246330316e-11,"UBC_PRKN"
"2567930","PINK1","PRKN",-0.351834797256463,8.43769498715119e-15,2.43686957185487e-14,"PINK1_PRKN"
"2588150","CDK1","NUCKS1",0.699125101106896,0,0,"CDK1_NUCKS1"
"2589172","ANXA1","IL1B",0.278412989196185,1.34198785417539e-09,2.87444262012902e-09,"ANXA1_IL1B"
"2589606","TFEB","IL1B",0.376793807463268,0,0,"TFEB_IL1B"
"2594532","BLK","CGAS",0.14194589074925,0.00232753795622109,0.00320357905692154,"BLK_CGAS"
"2594978","CDK1","CGAS",-0.443767661145465,0,0,"CDK1_CGAS"
"2598085","CBL","CFLAR",0.900869378239779,0,0,"CBL_CFLAR"
"2598801","MAPK14","CFLAR",0.90482175041881,0,0,"MAPK14_CFLAR"
"2599785","PRKCB","CFLAR",0.901197963806945,0,0,"PRKCB_CFLAR"
"2599881","RUNX3","CFLAR",-0.183859083196156,7.56453861474604e-05,0.000117623419288822,"RUNX3_CFLAR"
"2605164","PTPRG","DOK2",-0.34510287012061,2.97539770599542e-14,8.34236896018835e-14,"PTPRG_DOK2"
"2618194","KIF14","CIT",0.74998484927342,0,0,"KIF14_CIT"
"2619181","SNAI2","CXCR4",-0.332111336231366,2.96207502969992e-13,7.85968253639028e-13,"SNAI2_CXCR4"
"2620810","CXCL12","CXCR4",-0.254485543647455,3.34160170645248e-08,6.55595759636784e-08,"CXCL12_CXCR4"
"2635014","BMPR1A","BMPR1B",0.468264118854328,0,0,"BMPR1A_BMPR1B"
"2636384","GDF5","BMPR1B",0.448714753367503,0,0,"GDF5_BMPR1B"
"2642730","IL10","IL10RB",0.249920788432409,5.9542237140775e-08,1.14948013653445e-07,"IL10_IL10RB"
"2644429","TWIST2","PFDN4",-0.139588253947416,0.00275503295000323,0.00376722626647782,"TWIST2_PFDN4"
"2650453","DNMT3B","DPP6",0.328903995173265,5.14255305006373e-13,1.34620653194498e-12,"DNMT3B_DPP6"
"2651587","PCDHA10","PCDHGA11",0.144279399474735,0.00196489701025593,0.00272171299483898,"PCDHA10_PCDHGA11"
"2652341","PCDHA2","PCDHGA11",0.0983938683164553,0.0352846194119993,0.0434479357907433,"PCDHA2_PCDHGA11"
"2653400","EZH2","TWIST1",0.158917737076554,0.000641552441479121,0.000926489744304889,"EZH2_TWIST1"
"2653797","MAPK14","TWIST1",-0.258879567822465,1.89597844091338e-08,3.77881940869433e-08,"MAPK14_TWIST1"
"2655123","MAPK3","TWIST1",-0.248057082649735,7.51362541073775e-08,1.44092750234862e-07,"MAPK3_TWIST1"
"2661110","EFNA1","EPHA3",0.186014456441597,6.20143121219385e-05,9.70651160401072e-05,"EFNA1_EPHA3"
"2662934","TFEB","NDUFAF2",-0.476597412285638,0,0,"TFEB_NDUFAF2"
"2665573","DLK1","SOX9",0.102706943169791,0.0279610001163593,0.0347894828503768,"DLK1_SOX9"
"2665905","TCF4","SOX9",0.579827433996202,0,0,"TCF4_SOX9"
"2666653","MAPK3","SOX9",-0.222488194466216,1.5180244323787e-06,2.66730009740242e-06,"MAPK3_SOX9"
"2693016","TFEB","WDFY3",0.475814070945413,0,0,"TFEB_WDFY3"
"2695657","LYN","IRF5",0.594750918542112,0,0,"LYN_IRF5"
"2709379","NFE2","HBD",0.184055457036983,7.42952433923083e-05,0.000115593022166563,"NFE2_HBD"
"2718934","UBE2D1","MGRN1",0.615131106989183,0,0,"UBE2D1_MGRN1"
"2727315","PLK3","HIF1A",0.499534296632889,0,0,"PLK3_HIF1A"
"2727456","FBP1","HIF1A",0.303228512064395,3.39497319146176e-11,8.00487693573679e-11,"FBP1_HIF1A"
"2727542","EGLN2","HIF1A",0.188906479513297,4.73339317335064e-05,7.47491415613563e-05,"EGLN2_HIF1A"
"2728021","MAPK14","HIF1A",0.231294799015169,5.60314362463288e-07,1.01396722469711e-06,"MAPK14_HIF1A"
"2728715","SIAH2","HIF1A",0.115214528325361,0.0136181273820815,0.0174718192000635,"SIAH2_HIF1A"
"2728813","HIF3A","HIF1A",-0.153281188225335,0.000998801920731207,0.00141930989811145,"HIF3A_HIF1A"
"2729253","PIM1","HIF1A",0.268793339120216,5.0775077475862e-09,1.04926030910287e-08,"PIM1_HIF1A"
"2729347","MAPK3","HIF1A",0.150608075850048,0.00122581592038706,0.00172853781527588,"MAPK3_HIF1A"
"2729492","DAB2IP","HIF1A",-0.413214371635647,0,0,"DAB2IP_HIF1A"
"2732194","IRX3","GJA1",0.471571081278631,0,0,"IRX3_GJA1"
"2733146","PRKCG","GJA1",0.103988464526447,0.0260540484930201,0.0325176403300922,"PRKCG_GJA1"
"2733678","PRKCB","GJA1",-0.477339995372865,0,0,"PRKCB_GJA1"
"2734020","MAPK3","GJA1",-0.351828301016901,8.65973959207622e-15,2.50027011978307e-14,"MAPK3_GJA1"
"2738105","CDK1","PITPNM1",-0.605954787080988,0,0,"CDK1_PITPNM1"
"2739804","PCDHA10","PCDHGB1",0.103299808586484,0.0270643803105564,0.0337214361912293,"PCDHA10_PCDHGB1"
"2740558","PCDHA2","PCDHGB1",0.130688984035939,0.00509055701892169,0.00679647931044009,"PCDHA2_PCDHGB1"
"2742483","PRKCD","CAT",0.646884564762609,0,0,"PRKCD_CAT"
"2748515","WNT7A","FZD7",-0.138482165292686,0.00297925174401303,0.0040614366406805,"WNT7A_FZD7"
"2762693","CHEK1","AURKB",0.944763580041455,0,0,"CHEK1_AURKB"
"2763796","FBXL2","AURKB",0.166098860534587,0.000357275411960067,0.000526817389156118,"FBXL2_AURKB"
"2764298","KLHL13","AURKB",0.258792860805493,1.91749520705997e-08,3.82057737884118e-08,"KLHL13_AURKB"
"2768340","TFE3","GABARAPL1",0.58008936816508,0,0,"TFE3_GABARAPL1"
"2770046","SNAI2","MMP9",-0.302605418761937,3.73976405398935e-11,8.79580406898384e-11,"SNAI2_MMP9"
"2771253","A2M","MMP9",-0.31219891187834,8.22009127432466e-12,2.00902943001444e-11,"A2M_MMP9"
"2771321","SPRY4","MMP9",-0.169479271420203,0.000268961977284654,0.000400585557528721,"SPRY4_MMP9"
"2777111","SNAI2","HPGD",-0.189688785280659,4.39676821670787e-05,6.96042748534538e-05,"SNAI2_HPGD"
"2777537","SNAI1","HPGD",-0.232378194228732,4.94282753837894e-07,8.97770248401161e-07,"SNAI1_HPGD"
"2790651","SOX9","COL11A2",0.299624057783517,5.92204063565305e-11,1.3763827273112e-10,"SOX9_COL11A2"
"2792770","MAPK3","PCYT1A",0.57217867303122,0,0,"MAPK3_PCYT1A"
"2798466","OLIG1","OLIG2",0.218118779953954,2.45245590457799e-06,4.24759465053285e-06,"OLIG1_OLIG2"
"2799267","GLI2","OLIG2",0.158446659533214,0.000666107360258739,0.000960612686938632,"GLI2_OLIG2"
"2800807","NTF3","NTRK3",0.41122447079778,0,0,"NTF3_NTRK3"
"2806190","PTK2B","ASAP1",0.543217662708615,0,0,"PTK2B_ASAP1"
"2809648","PRKG2","LASP1",-0.421257539976727,0,0,"PRKG2_LASP1"
"2811360","PRKCB","LASP1",0.857656610863376,0,0,"PRKCB_LASP1"
"2811392","PRKG1","LASP1",-0.336608412087787,1.35003119794419e-13,3.65079651184633e-13,"PRKG1_LASP1"
"2821155","WNT5A","ROR2",0.731006528540327,0,0,"WNT5A_ROR2"
"2831263","FOXJ1","SPAG6",0.647919956400229,0,0,"FOXJ1_SPAG6"
"2835915","LPAR2","GNA14",-0.258973565464235,1.87291644415666e-08,3.73414009444734e-08,"LPAR2_GNA14"
"2835951","OXTR","GNA14",0.258690985934155,1.94307794298965e-08,3.87005846080979e-08,"OXTR_GNA14"
"2835971","S1PR2","GNA14",0.131198855113216,0.00491930575978827,0.00657666414112359,"S1PR2_GNA14"
"2836005","LPAR1","GNA14",0.404527035904317,0,0,"LPAR1_GNA14"
"2836067","HTR2A","GNA14",0.199674109833064,1.6701403631636e-05,2.72693378998092e-05,"HTR2A_GNA14"
"2836172","P2RY13","GNA14",-0.212372092870913,4.54105319969145e-06,7.7200800425623e-06,"P2RY13_GNA14"
"2836263","OPRL1","GNA14",-0.231781322092359,5.29675407534569e-07,9.60086182310079e-07,"OPRL1_GNA14"
"2836450","ADRB2","GNA14",-0.138130709193832,0.00305389605728656,0.00415909013558217,"ADRB2_GNA14"
"2836467","P2RY10","GNA14",-0.151212510684048,0.00117067937249971,0.00165359206243365,"P2RY10_GNA14"
"2836677","GPR132","GNA14",-0.285196291656117,5.08840969359881e-10,1.11838344895375e-09,"GPR132_GNA14"
"2836770","MC4R","GNA14",0.129218196178612,0.00561505462315837,0.00746804057445997,"MC4R_GNA14"
"2836786","BDKRB2","GNA14",0.37503589533027,0,0,"BDKRB2_GNA14"
"2836925","LPAR4","GNA14",0.103077752573335,0.0273972665287219,0.0341183324183611,"LPAR4_GNA14"
"2837008","PTGER1","GNA14",0.300905929777384,4.86317652814705e-11,1.13603352237842e-10,"PTGER1_GNA14"
"2837274","PTAFR","GNA14",-0.212520113059337,4.47050138996374e-06,7.60367584857456e-06,"PTAFR_GNA14"
"2837310","F2RL1","GNA14",-0.18205738760322,8.91590422484878e-05,0.000137877125646593,"F2RL1_GNA14"
"2837468","CHRM3","GNA14",0.227559279788364,8.59334018388225e-07,1.53562618318895e-06,"CHRM3_GNA14"
"2837546","FPR1","GNA14",-0.261381260637657,1.36666560290877e-08,2.74876749576802e-08,"FPR1_GNA14"
"2837553","LPAR3","GNA14",0.25865496416704,1.95220248855321e-08,3.88771512462408e-08,"LPAR3_GNA14"
"2837573","UTS2R","GNA14",0.143671921407444,0.00205396041101502,0.00284027195194584,"UTS2R_GNA14"
"2837635","APLNR","GNA14",0.296203440707792,9.97020244142277e-11,2.28631898239057e-10,"APLNR_GNA14"
"2837695","SSTR2","GNA14",0.111342741661945,0.0171375495238746,0.0217741552413612,"SSTR2_GNA14"
"2837720","EDNRA","GNA14",0.322441904660285,1.53344004161227e-12,3.90764745111505e-12,"EDNRA_GNA14"
"2837868","KISS1R","GNA14",-0.17502991958974,0.000166770454042897,0.000252519698469624,"KISS1R_GNA14"
"2837929","HTR2C","GNA14",0.210532763751674,5.51135727300256e-06,9.31436281703117e-06,"HTR2C_GNA14"
"2838051","NMUR1","GNA14",-0.168722387456961,0.000286750507118461,0.000426126639095997,"NMUR1_GNA14"
"2838082","MRGPRX2","GNA14",-0.100655857484801,0.0312625132233977,0.0387041388614623,"MRGPRX2_GNA14"
"2838086","HRH2","GNA14",-0.232543757857128,4.84875300799104e-07,8.81185191943816e-07,"HRH2_GNA14"
"2838092","HTR2B","GNA14",0.145406912662332,0.00180889506568516,0.00251373040416565,"HTR2B_GNA14"
"2838118","CYSLTR1","GNA14",-0.203025065568252,1.19368580380197e-05,1.96966605131887e-05,"CYSLTR1_GNA14"
"2838131","HTR6","GNA14",-0.111448027818928,0.0170322151931279,0.0216460148737297,"HTR6_GNA14"
"2847372","MAPK3","RPS6KA1",0.862505768537429,0,0,"MAPK3_RPS6KA1"
"2848247","NFIB","ROBO1",0.609356618751301,0,0,"NFIB_ROBO1"
"2848461","NFIA","ROBO1",0.820582043011337,0,0,"NFIA_ROBO1"
"2858768","NKX2.5","GATA4",0.273706317005451,2.59012633563316e-09,5.45075660582457e-09,"NKX2.5_GATA4"
"2864775","BMPR1A","SMAD9",0.731885975814618,0,0,"BMPR1A_SMAD9"
"2865935","BMP2","SMAD9",0.736082657291108,0,0,"BMP2_SMAD9"
"2866718","BMPR1B","SMAD9",0.288006102395626,3.37890160295728e-10,7.50681375386605e-10,"BMPR1B_SMAD9"
"2878086","PINK1","LETM1",-0.424869278222818,0,0,"PINK1_LETM1"
"2889144","HSPA1A","GSTA4",-0.195679331711947,2.47449610897288e-05,3.99031877710958e-05,"HSPA1A_GSTA4"
"2889668","HSPA1B","GSTA4",-0.194117356756419,2.87949193777948e-05,4.62071953641428e-05,"HSPA1B_GSTA4"
"2894191","LYN","PLCG2",0.802920062347832,0,0,"LYN_PLCG2"
"2894400","INPP5D","PLCG2",0.839916468129941,0,0,"INPP5D_PLCG2"
"2894478","HCK","PLCG2",0.840969331728505,0,0,"HCK_PLCG2"
"2894645","BTK","PLCG2",0.823437220131039,0,0,"BTK_PLCG2"
"2895874","FOXJ1","DNAH11",0.295610173527229,1.09052766816831e-10,2.49485986751456e-10,"FOXJ1_DNAH11"
"2899567","F2RL1","MSC",-0.210878909278385,5.31481207688422e-06,8.9922756634747e-06,"F2RL1_MSC"
"2900449","PRKG2","EGFR",0.788722096253686,0,0,"PRKG2_EGFR"
"2900461","CBL","EGFR",-0.40703273334244,0,0,"CBL_EGFR"
"2900641","SOX2","EGFR",0.23606212450176,3.21226296451371e-07,5.90794894892526e-07,"SOX2_EGFR"
"2900697","PTPRG","EGFR",0.622562613631591,0,0,"PTPRG_EGFR"
"2900779","ERRFI1","EGFR",0.586887354152394,0,0,"ERRFI1_EGFR"
"2900846","RARA","EGFR",-0.418724427438466,0,0,"RARA_EGFR"
"2901177","MAPK14","EGFR",-0.381022491928668,0,0,"MAPK14_EGFR"
"2901194","BTC","EGFR",0.480520371957947,0,0,"BTC_EGFR"
"2901275","CAMK2G","EGFR",-0.482928163869847,0,0,"CAMK2G_EGFR"
"2901286","PTGER2","EGFR",-0.517535622427168,0,0,"PTGER2_EGFR"
"2901370","PTPRF","EGFR",0.868477360500002,0,0,"PTPRF_EGFR"
"2901377","PTPRJ","EGFR",-0.412535893570214,0,0,"PTPRJ_EGFR"
"2901394","PTPN6","EGFR",-0.4171285148269,0,0,"PTPN6_EGFR"
"2901406","TRIP13","EGFR",0.348063170258162,1.73194791841524e-14,4.91873316161886e-14,"TRIP13_EGFR"
"2901443","JAK2","EGFR",-0.353192744422372,6.66133814775094e-15,1.93429020556251e-14,"JAK2_EGFR"
"2901525","HBEGF","EGFR",-0.165671475282158,0.000370192068543496,0.000545193577768626,"HBEGF_EGFR"
"2901608","PRKCD","EGFR",-0.449655901186841,0,0,"PRKCD_EGFR"
"2901614","CAMK2A","EGFR",-0.109684379217276,0.018873409299474,0.0238838646546079,"CAMK2A_EGFR"
"2901634","EREG","EGFR",-0.161655313825853,0.000514694828766871,0.000749171549279953,"EREG_EGFR"
"2901911","CDK1","EGFR",0.271324344855278,3.59570018204636e-09,7.50013204004247e-09,"CDK1_EGFR"
"2902034","AREG","EGFR",-0.214607332435985,3.5805734115435e-06,6.13159898093909e-06,"AREG_EGFR"
"2902128","PTPRK","EGFR",0.761682998614909,0,0,"PTPRK_EGFR"
"2902477","TGFA","EGFR",-0.273747116278536,2.57554266802629e-09,5.42083495767772e-09,"TGFA_EGFR"
"2902497","EGF","EGFR",-0.215189436973087,3.36430717995384e-06,5.77199735701192e-06,"EGF_EGFR"
"2902503","MAPK3","EGFR",-0.387194953330292,0,0,"MAPK3_EGFR"
"2902515","PTPRS","EGFR",0.622416242555619,0,0,"PTPRS_EGFR"
"2902673","PELI1","EGFR",-0.276436536184108,1.77144876545299e-09,3.76595268111307e-09,"PELI1_EGFR"
"2902792","EPGN","EGFR",0.182884661734863,8.26938751450346e-05,0.000128205397353938,"EPGN_EGFR"
"2913202","CDC20","CCNB1",0.854084252347633,0,0,"CDC20_CCNB1"
"2913317","CDC25C","CCNB1",0.952152218240323,0,0,"CDC25C_CCNB1"
"2914295","HLX","CCNB1",-0.495565646243825,0,0,"HLX_CCNB1"
"2914334","CDC25A","CCNB1",0.956384973898112,0,0,"CDC25A_CCNB1"
"2914782","MXI1","CCNB1",-0.166889472084434,0.000334481644086004,0.00049436002581661,"MXI1_CCNB1"
"2933487","PTEN","NFIL3",0.708198256719162,0,0,"PTEN_NFIL3"
"2936275","TXNIP","DDIT4",0.119057776364187,0.01077041181113,0.013953715565152,"TXNIP_DDIT4"
"2937172","KRT14","TNFRSF1A",-0.117682589534394,0.0117222023317773,0.0151335458954857,"KRT14_TNFRSF1A"
"2939164","SPI1","TAL1",0.185380491202109,6.57618688797434e-05,0.000102734058797613,"SPI1_TAL1"
"2940007","LMO1","TAL1",-0.148713579417241,0.00141449169476049,0.0019838759679912,"LMO1_TAL1"
"2940968","ZC3H12A","TAL1",0.172654754564925,0.000204983110748458,0.000308164567756877,"ZC3H12A_TAL1"
"2941167","MAPK3","TAL1",0.194019402765242,2.90687778383703e-05,4.66320800671527e-05,"MAPK3_TAL1"
"2948380","DNMT3B","BAG3",-0.0991119325728469,0.0339626206016488,0.0418904327469538,"DNMT3B_BAG3"
"2956452","CRTC2","G6PC1",0.225545867978164,1.07886277822544e-06,1.91511907690792e-06,"CRTC2_G6PC1"
"2956756","HNF4A","G6PC1",0.778785021477646,0,0,"HNF4A_G6PC1"
"2958171","NR0B2","G6PC1",0.725194007333558,0,0,"NR0B2_G6PC1"
"2958592","SPI1","GATA1",0.313668461708656,6.48547882065031e-12,1.59441172754059e-11,"SPI1_GATA1"
"2959888","PAK5","GATA1",-0.150181866609316,0.00126612109349211,0.00178321334130643,"PAK5_GATA1"
"2960264","MECOM","GATA1",-0.143713300408656,0.00204777855252258,0.00283206785216207,"MECOM_GATA1"
"2960740","DAB2IP","GATA1",-0.293602163154718,1.47486467483304e-10,3.34788428242551e-10,"DAB2IP_GATA1"
"2961047","ULK1","FUNDC1",-0.483626601964314,0,0,"ULK1_FUNDC1"
"2981411","FOXA1","SFTPB",0.287527208009558,3.62426533229154e-10,8.03723997943784e-10,"FOXA1_SFTPB"
"2985133","STAT3","CEBPD",0.704290688640607,0,0,"STAT3_CEBPD"
"2985213","SOX9","CEBPD",-0.211913505443995,4.76644448710317e-06,8.09107238738445e-06,"SOX9_CEBPD"
"2990753","IL4R","IRS2",0.528155343140287,0,0,"IL4R_IRS2"
"2993246","SNAI2","CD44",-0.464749538815252,0,0,"SNAI2_CD44"
"2993260","TWIST2","CD44",0.200583133667106,1.52553959595902e-05,2.49793077167542e-05,"TWIST2_CD44"
"2993859","CAMK2A","CD44",0.122406961615817,0.00873301226236478,0.0114109293052123,"CAMK2A_CD44"
"2994220","F2RL1","CD44",0.360838330622945,1.55431223447522e-15,4.67037782054794e-15,"F2RL1_CD44"
"2994986","TWIST1","CD44",-0.320481633423996,2.12496686913255e-12,5.37132452413267e-12,"TWIST1_CD44"
"3001681","PTEN","NR5A1",-0.268536817528253,5.25718668598074e-09,1.08534999687352e-08,"PTEN_NR5A1"
"3001841","AR","NR5A1",0.212198118825206,4.62533480316552e-06,7.85889667616652e-06,"AR_NR5A1"
"3002532","CDK5RAP2","BUB1B",-0.276187273392438,1.83428827682519e-09,3.89561897856236e-09,"CDK5RAP2_BUB1B"
"3002570","CENPE","BUB1B",0.948397906837728,0,0,"CENPE_BUB1B"
"3003438","KNL1","BUB1B",0.947874214407654,0,0,"KNL1_BUB1B"
"3003950","CDK1","BUB1B",0.934220412167271,0,0,"CDK1_BUB1B"
"3005582","TFEB","NDUFS4",-0.51612011216892,0,0,"TFEB_NDUFS4"
"3007646","CHEK1","TP73",0.332610164186649,2.71560551823313e-13,7.22071128392839e-13,"CHEK1_TP73"
"3008249","WWP2","TP73",-0.483118135636299,0,0,"WWP2_TP73"
"3008550","PRKCD","TP73",-0.445821523945569,0,0,"PRKCD_TP73"
"3008853","CDK1","TP73",0.291370644366711,2.057134462774e-10,4.62995211011124e-10,"CDK1_TP73"
"3009103","PRKCB","TP73",-0.519880533605819,0,0,"PRKCB_TP73"
"3009548","YAP1","TP73",0.656120458060237,0,0,"YAP1_TP73"
"3009790","ACOX1","TP73",-0.339861297114032,7.59392548843607e-14,2.08211358123998e-13,"ACOX1_TP73"
"3010838","JAK2","ARHGEF1",0.118368076345877,0.0112388486685784,0.0145346745082222,"JAK2_ARHGEF1"
"3013457","PRKCD","KCNE3",0.802127349903727,0,0,"PRKCD_KCNE3"
"3019875","ANXA1","FPR2",0.63575464170792,0,0,"ANXA1_FPR2"
"3031573","TOX2","TBX21",-0.235776628022372,3.3222042161718e-07,6.10417099602227e-07,"TOX2_TBX21"
"3032420","BAIAP2","ENAH",0.42659508002282,0,0,"BAIAP2_ENAH"
"3033710","PRKG1","ENAH",0.175732629779733,0.000156814762936719,0.000237944035678403,"PRKG1_ENAH"
"3049132","KLHL2","WNK2",-0.305697477304096,2.30881980201048e-11,5.49722998990995e-11,"KLHL2_WNK2"
"3053410","PRKCB","ORAI1",0.399073704321949,0,0,"PRKCB_ORAI1"
"3054198","CAPN3","MAPT",-0.219934031773162,2.01173020442091e-06,3.50508750600085e-06,"CAPN3_MAPT"
"3054575","MARK2","MAPT",-0.265490259920765,7.92332577326249e-09,1.61753538278859e-08,"MARK2_MAPT"
"3054627","LRRK2","MAPT",-0.233341152898567,4.41925947392008e-07,8.05339312828447e-07,"LRRK2_MAPT"
"3054897","MAPK14","MAPT",-0.243882677030412,1.25660239991277e-07,2.374524456769e-07,"MAPK14_MAPT"
"3055244","ALPL","MAPT",-0.19351206451827,3.05271235370164e-05,4.88956156441619e-05,"ALPL_MAPT"
"3055552","PRKCI","MAPT",0.194758444123126,2.70620303790547e-05,4.35138396696232e-05,"PRKCI_MAPT"
"3055812","PTEN","MAPT",-0.252749606714629,4.16806549274895e-08,8.12701574262109e-08,"PTEN_MAPT"
"3055881","PRKCB","MAPT",-0.311398798142278,9.34674559971427e-12,2.27685874098563e-11,"PRKCB_MAPT"
"3055985","APOE","MAPT",0.173013146072183,0.000198734386652522,0.000299091206450327,"APOE_MAPT"
"3056223","MAPK3","MAPT",-0.23279061658372,4.71167541427064e-07,8.56994166178233e-07,"MAPK3_MAPT"
"3056452","MARK1","MAPT",0.29478524906515,1.23488108627612e-10,2.81610567910732e-10,"MARK1_MAPT"
"3067484","PTPN6","CSF2RB",0.575399821861999,0,0,"PTPN6_CSF2RB"
"3073044","LNX1","KCNA4",0.265104790484827,8.3423725705245e-09,1.70066553344208e-08,"LNX1_KCNA4"
"3085007","SELPLG","SELP",0.558915436130956,0,0,"SELPLG_SELP"
"3085216","NBEAL2","SELP",0.47344097060008,0,0,"NBEAL2_SELP"
"3093098","PRKG1","RGS18",-0.274342505375627,2.3715789332357e-09,5.00227903323731e-09,"PRKG1_RGS18"
"3094928","TNFSF11","TNFRSF11A",0.536759030043801,0,0,"TNFSF11_TNFRSF11A"
"3097274","PTPN6","STAT6",0.746074878651184,0,0,"PTPN6_STAT6"
"3097323","JAK2","STAT6",0.481860496652842,0,0,"JAK2_STAT6"
"3107471","PRKCG","STK17B",-0.340326659386266,6.97220059464598e-14,1.91557513432106e-13,"PRKCG_STK17B"
"3115600","SPRY4","TIMP1",-0.120066011428748,0.0101167570833396,0.0131401412117732,"SPRY4_TIMP1"
